﻿<?xml version="1.0" encoding="utf-8" standalone="no"?>
<CauseContentRoot>
	<ContentList>
		<CauseContent>
			<CauseType>1</CauseType>
			<Title>A-1: Potenc. del láser</Title>
			<IconTitle>Potenc. del láser</IconTitle>
			<QuestionImageFileName>001_questionImage.png</QuestionImageFileName>
			<QuestionText>¿El gráfico adopta la forma siguiente en la hora en la que se produjo el error de marcado (parte de la visualización de No OK)?</QuestionText>
			<QuestionImageDescription>(1) La energía de marcado ha cambiado en gran medida.
O bien 
(2) La energía estimada ha cambiado en gran medida. (si (1) no se muestra)</QuestionImageDescription>
			<SolutionImageFileName />
		</CauseContent>
		<CauseContent>
			<CauseType>2</CauseType>
			<Title>A-2: Mantenimiento de ventana</Title>
			<IconTitle>Mantenimiento de ventana</IconTitle>
			<QuestionImageFileName>002_questionImage.png</QuestionImageFileName>
			<QuestionText>¿El gráfico adopta la forma siguiente en la hora en la que se produjo el error de marcado (parte de la visualización de No OK)?</QuestionText>
			<QuestionImageDescription>(1) El valor del resultado del mantenimiento de ventana antes (o después) de la operación de marcado está disminuyendo.</QuestionImageDescription>
			<SolutionImageFileName />
		</CauseContent>
		<CauseContent>
			<CauseType>3</CauseType>
			<Title>A-3: Seguimiento Z
(sin calibración)</Title>
			<IconTitle>Seguimiento Z
(sin calibración)</IconTitle>
			<QuestionImageFileName>003_questionImage.png</QuestionImageFileName>
			<QuestionText>¿El gráfico adopta la forma siguiente en la hora en la que se produjo el error de marcado (parte de la visualización de No OK)?</QuestionText>
			<QuestionImageDescription>(1) La estabilidad disminuye en gran medida.
O
(2) La cantidad de desviación Z disminuye en gran medida.</QuestionImageDescription>
			<SolutionImageFileName />
		</CauseContent>
		<CauseContent>
			<CauseType>4</CauseType>
			<Title>A-3: Seguimiento Z
(con calibración)</Title>
			<IconTitle>Seguimiento Z
(con calibración)</IconTitle>
			<QuestionImageFileName>004_questionImage.png</QuestionImageFileName>
			<QuestionText>¿El gráfico adopta la forma siguiente en la hora en la que se produjo el error de marcado (parte de la visualización de No OK)?</QuestionText>
			<QuestionImageDescription>(1) La estabilidad disminuye en gran medida.</QuestionImageDescription>
			<SolutionImageFileName />
		</CauseContent>
		<CauseContent>
			<CauseType>5</CauseType>
			<Title>A-3: Seguimiento Z
(sin config.)</Title>
			<IconTitle>Seguimiento Z
(sin config.)</IconTitle>
			<QuestionImageFileName>005_questionImage.png</QuestionImageFileName>
			<QuestionText>¿El gráfico adopta la forma siguiente en la hora en la que se produjo el error de marcado (parte de la visualización de No OK)?</QuestionText>
			<QuestionImageDescription>(1) La estabilidad disminuye en gran medida.
O
(2) La cantidad de desviación Z disminuye en gran medida.</QuestionImageDescription>
			<SolutionImageFileName />
		</CauseContent>
		<CauseContent>
			<CauseType>6</CauseType>
			<Title>A-4: Seguimiento XY</Title>
			<IconTitle>Seguimiento XY</IconTitle>
			<QuestionImageFileName>006_questionImage.png</QuestionImageFileName>
			<QuestionText>¿El gráfico adopta la forma siguiente en la hora en la que se produjo el error de marcado (parte de la visualización de No OK)?</QuestionText>
			<QuestionImageDescription>(1) El valor de correlación disminuye en gran medida.</QuestionImageDescription>
			<SolutionImageFileName />
		</CauseContent>
		<CauseContent>
			<CauseType>101</CauseType>
			<Title>B-2: La potencia del láser disminuye</Title>
			<IconTitle>La potencia del láser disminuye</IconTitle>
			<QuestionImageFileName>101_questionImage.png</QuestionImageFileName>
			<QuestionText>¿Se ve algo como lo que muestra el siguiente gráfico en la hora en la que se produjo el error de marcado (parte de la pantalla No OK)?</QuestionText>
			<QuestionImageDescription>(1) Se muestra "Historial de errores y advertencias".</QuestionImageDescription>
			<SolutionImageFileName>101_Solution.es-MX.rtf</SolutionImageFileName>
		</CauseContent>
		<CauseContent>
			<CauseType>102</CauseType>
			<Title>B-3: Suciedad en la lente</Title>
			<IconTitle>Suciedad en la lente</IconTitle>
			<QuestionImageFileName>102_questionImage.png</QuestionImageFileName>
			<QuestionText>¿Se ve algo como lo que muestra el siguiente gráfico en la hora en la que se produjo el error de marcado (parte de la pantalla No OK)?</QuestionText>
			<QuestionImageDescription>(1) Se muestra "Historial de errores y advertencias".</QuestionImageDescription>
			<SolutionImageFileName>102_Solution.es-MX.rtf</SolutionImageFileName>
		</CauseContent>
		<CauseContent>
			<CauseType>103</CauseType>
			<Title>B-5: Desviación de altura de programa
(sin calibración)</Title>
			<IconTitle>Desviación de altura del programa
(sin calibración)</IconTitle>
			<QuestionImageFileName>103_questionImage.png</QuestionImageFileName>
			<QuestionText>¿Se ve algo como lo que muestra el siguiente gráfico en la hora en la que se produjo el error de marcado (parte de la pantalla No OK)?</QuestionText>
			<QuestionImageDescription>(1) Se muestra "Historial de errores y advertencias".</QuestionImageDescription>
			<SolutionImageFileName>103_104_105_Solution.es-MX.rtf</SolutionImageFileName>
		</CauseContent>
		<CauseContent>
			<CauseType>104</CauseType>
			<Title>B-5: Desviación de altura de programa
(con calibración)</Title>
			<IconTitle>Desviación de altura de programa
(con calibración)</IconTitle>
			<QuestionImageFileName>104_questionImage.png</QuestionImageFileName>
			<QuestionText>¿Se ve algo como lo que muestra el siguiente gráfico en la hora en la que se produjo el error de marcado (parte de la pantalla No OK)?</QuestionText>
			<QuestionImageDescription>(1) Se muestra "Historial de errores y advertencias".</QuestionImageDescription>
			<SolutionImageFileName>103_104_105_Solution.es-MX.rtf</SolutionImageFileName>
		</CauseContent>
		<CauseContent>
			<CauseType>105</CauseType>
			<Title>B-5: Desviación de altura de programa
(sin config.)</Title>
			<IconTitle>Desviación de altura de programa
(sin config.)</IconTitle>
			<QuestionImageFileName>105_questionImage.png</QuestionImageFileName>
			<QuestionText>¿Se ve algo como lo que muestra el siguiente gráfico en la hora en la que se produjo el error de marcado (parte de la pantalla No OK)?</QuestionText>
			<QuestionImageDescription>(1) Se muestra "Historial de errores y advertencias".</QuestionImageDescription>
			<SolutionImageFileName>103_104_105_Solution.es-MX.rtf</SolutionImageFileName>
		</CauseContent>
		<CauseContent>
			<CauseType>106</CauseType>
			<Title>B-7: Desviación de posición de programa</Title>
			<IconTitle>Desviación de posición de programa</IconTitle>
			<QuestionImageFileName>106_questionImage.png</QuestionImageFileName>
			<QuestionText>¿Se ve algo como lo que muestra el siguiente gráfico en la hora en la que se produjo el error de marcado (parte de la pantalla No OK)?</QuestionText>
			<QuestionImageDescription>(1) Se muestra "Historial de errores y advertencias".</QuestionImageDescription>
			<SolutionImageFileName>106_Solution.es-MX.rtf</SolutionImageFileName>
		</CauseContent>
		<CauseContent>
			<CauseType>107</CauseType>
			<Title>B-11: Ignorar disparo</Title>
			<IconTitle>Ignorar disparo</IconTitle>
			<QuestionImageFileName>107_questionImage.png</QuestionImageFileName>
			<QuestionText>¿Se ve algo como lo que muestra el siguiente gráfico en la hora en la que se produjo el error de marcado (parte de la pantalla No OK)?</QuestionText>
			<QuestionImageDescription>(1) Se muestra "Historial de errores y advertencias".</QuestionImageDescription>
			<SolutionImageFileName>107_Solution.es-MX.rtf</SolutionImageFileName>
		</CauseContent>
		<CauseContent>
			<CauseType>108</CauseType>
			<Title>B-10: Cancelar marcado</Title>
			<IconTitle>Cancelar marcado</IconTitle>
			<QuestionImageFileName>108_questionImage.png</QuestionImageFileName>
			<QuestionText>¿Se ve algo como lo que muestra el siguiente gráfico en la hora en la que se produjo el error de marcado (parte de la pantalla No OK)?</QuestionText>
			<QuestionImageDescription>(1) Se muestra “Cancelar marcado”.</QuestionImageDescription>
			<SolutionImageFileName>108_Solution.es-MX.rtf</SolutionImageFileName>
		</CauseContent>
		<CauseContent>
			<CauseType>200</CauseType>
			<Title>B-9: Cambio de n.º programa</Title>
			<IconTitle>Cambio de n.º programa</IconTitle>
			<QuestionImageFileName>200_questionImage.png</QuestionImageFileName>
			<QuestionText>¿Se ve algo como lo que muestra el siguiente gráfico en la hora en la que se produjo el error de marcado (parte de la pantalla No OK)?</QuestionText>
			<QuestionImageDescription>(1) Se muestra “Cambiar n.º programa”.</QuestionImageDescription>
			<SolutionImageFileName>200_Solution.es-MX.rtf</SolutionImageFileName>
		</CauseContent>
		<CauseContent>
			<CauseType>300</CauseType>
			<Title>B-1: Cambiar contenidos de config.:
potenc. del láser</Title>
			<IconTitle>Cambiar contenidos de config.:
potenc. del láser</IconTitle>
			<QuestionImageFileName>300_questionImage.png</QuestionImageFileName>
			<QuestionText>Compruebe los contenidos haciendo clic en el icono del gráfico en el momento en el que se produzca el error de marcado (área de visualización no OK). </QuestionText>
			<QuestionImageDescription>(1) ¿Aparece “cambiar eventos” de forma no intencionada?
(2) ¿Aparece “cambiar historial” de forma no intencionada?
(3) ¿Aparece “Cambiar parámetro de marcado” de forma no intencionada?</QuestionImageDescription>
			<SolutionImageFileName>301_Solution.es-MX.rtf</SolutionImageFileName>
		</CauseContent>
		<CauseContent>
			<CauseType>303</CauseType>
			<Title>B-4: Change setting contents:
Z tracking (no calibration)</Title>
			<IconTitle>Cambiar contenido de config.:
Seguimiento Z (sin calibración)</IconTitle>
			<QuestionImageFileName>303_questionImage.png</QuestionImageFileName>
			<QuestionText>¿Se ve algo como lo que muestra el siguiente gráfico en la hora en la que se produjo el error de marcado (parte de la pantalla No OK)?</QuestionText>
			<QuestionImageDescription>(1) Se muestra “Cambiar condiciones de marcado”.</QuestionImageDescription>
			<SolutionImageFileName>303_304_305_Solution.es-MX.rtf</SolutionImageFileName>
		</CauseContent>
		<CauseContent>
			<CauseType>304</CauseType>
			<Title>B-4: Change setting contents:
Z tracking (with calibration)</Title>
			<IconTitle>Cambiar contenido de config.:
Seguimiento Z (con calibración)</IconTitle>
			<QuestionImageFileName>304_questionImage.png</QuestionImageFileName>
			<QuestionText>¿Se ve algo como lo que muestra el siguiente gráfico en la hora en la que se produjo el error de marcado (parte de la pantalla No OK)?</QuestionText>
			<QuestionImageDescription>(1) Se muestra “Cambiar condiciones de marcado”.</QuestionImageDescription>
			<SolutionImageFileName>303_304_305_Solution.es-MX.rtf</SolutionImageFileName>
		</CauseContent>
		<CauseContent>
			<CauseType>305</CauseType>
			<Title>B-4: Change setting contents:
Z tracking (no settings)</Title>
			<IconTitle>Cambiar contenido de config.:
Seguimiento Z (sin config.)</IconTitle>
			<QuestionImageFileName>305_questionImage.png</QuestionImageFileName>
			<QuestionText>¿Se ve algo como lo que muestra el siguiente gráfico en la hora en la que se produjo el error de marcado (parte de la pantalla No OK)?</QuestionText>
			<QuestionImageDescription>(1) Se muestra “Cambiar condiciones de marcado”.</QuestionImageDescription>
			<SolutionImageFileName>303_304_305_Solution.es-MX.rtf</SolutionImageFileName>
		</CauseContent>
		<CauseContent>
			<CauseType>306</CauseType>
			<Title>B-6: Cambiar contenido de config.:
Seguimiento XY</Title>
			<IconTitle>Cambiar contenido de config.:
Seguimiento XY</IconTitle>
			<QuestionImageFileName>306_questionImage.png</QuestionImageFileName>
			<QuestionText>¿Se ve algo como lo que muestra el siguiente gráfico en la hora en la que se produjo el error de marcado (parte de la pantalla No OK)?</QuestionText>
			<QuestionImageDescription>(1) Se muestra “Cambiar condiciones de marcado”.</QuestionImageDescription>
			<SolutionImageFileName>306_Solution.es-MX.rtf</SolutionImageFileName>
		</CauseContent>
		<CauseContent>
			<CauseType>307</CauseType>
			<Title>B-8: Cambiar contenido de config.:
común</Title>
			<IconTitle>Cambiar contenido de config.:
común</IconTitle>
			<QuestionImageFileName>307_questionImage.png</QuestionImageFileName>
			<QuestionText>Compruebe los contenidos haciendo clic en el icono del gráfico en el momento en el que se produzca el error de marcado (área de visualización no OK). </QuestionText>
			<QuestionImageDescription>(1) ¿Aparece “cambiar eventos” de forma no intencionada?
(2) ¿Aparece “cambiar historial” de forma no intencionada?
(3) ¿Aparece “Cambiar parámetro de marcado” de forma no intencionada?</QuestionImageDescription>
			<SolutionImageFileName>307_Solution.es-MX.rtf</SolutionImageFileName>
		</CauseContent>
		<CauseContent>
			<CauseType>400</CauseType>
			<Title>B-12: Imagen de la cámara
(brecha durante el marcado)</Title>
			<IconTitle>Imagen de la cámara
(brecha durante el marcado)</IconTitle>
			<QuestionImageFileName>400_questionImage.png</QuestionImageFileName>
			<QuestionText>Haga doble clic en la imagen de error de marcado para acercar la vista y confirme lo siguiente.</QuestionText>
			<QuestionImageDescription>(1) ¿Se ha desviado el objetivo antes o después de la operación de marcado?</QuestionImageDescription>
			<SolutionImageFileName>400_Solution.es-MX.rtf</SolutionImageFileName>
		</CauseContent>
		<CauseContent>
			<CauseType>500</CauseType>
			<Title>B-13: Imagen de la cámara
(cambio iluminación/cámara)</Title>
			<IconTitle>Imagen de la cámara
(cambio iluminación/cámara)</IconTitle>
			<QuestionImageFileName>500_questionImage.png</QuestionImageFileName>
			<QuestionText>Haga doble clic en la imagen No OK para acercar la vista y confirme lo siguiente.</QuestionText>
			<QuestionImageDescription>(1) ¿Cambia el brillo en comparación con la imagen OK?</QuestionImageDescription>
			<SolutionImageFileName>500_Solution.es-MX.rtf</SolutionImageFileName>
		</CauseContent>
		<CauseContent>
			<CauseType>600</CauseType>
			<Title>B-14: Imagen de la cámara
(material extraño/obstrucción)</Title>
			<IconTitle>Imagen de la cámara
(material extraño/obstrucción)</IconTitle>
			<QuestionImageFileName>600_questionImage.png</QuestionImageFileName>
			<QuestionText>Haga doble clic en la imagen de error de marcado para acercar la vista y confirme lo siguiente.</QuestionText>
			<QuestionImageDescription>(1) ¿Contiene la imagen antes o después de la operación de marcado algún material extraño u obstrucción?</QuestionImageDescription>
			<SolutionImageFileName>600_Solution.es-MX.rtf</SolutionImageFileName>
		</CauseContent>
		<CauseContent>
			<CauseType>9999</CauseType>
			<Title>Resolución de problemas frecuentes</Title>
			<IconTitle>Resolución de problemas frecuentes</IconTitle>
			<QuestionImageFileName />
			<QuestionText />
			<QuestionImageDescription />
			<SolutionImageFileName>9999_Solution.es-MX.rtf</SolutionImageFileName>
		</CauseContent>
	</ContentList>
</CauseContentRoot>