﻿<?xml version="1.0" encoding="utf-8" standalone="no"?>
<CauseContentRoot>
	<ContentList>
		<CauseContent>
			<CauseType>1</CauseType>
			<Title>A-1: 激光功率</Title>
			<IconTitle>激光功率</IconTitle>
			<QuestionImageFileName>001_questionImage.png</QuestionImageFileName>
			<QuestionText>在发生刻印不良的时间点（显示NG之处），图表是否变为下述形状？</QuestionText>
			<QuestionImageDescription>①标识能量出现较大变化
或
②预估功率出现较大变化（未显示①时）</QuestionImageDescription>
			<SolutionImageFileName />
		</CauseContent>
		<CauseContent>
			<CauseType>2</CauseType>
			<Title>A-2: 窗口检测</Title>
			<IconTitle>窗口检测</IconTitle>
			<QuestionImageFileName>002_questionImage.png</QuestionImageFileName>
			<QuestionText>在发生刻印不良的时间点（显示NG之处），图表是否变为下述形状？</QuestionText>
			<QuestionImageDescription>①刻印前（或后）窗口检测结果的数值出现下降</QuestionImageDescription>
			<SolutionImageFileName />
		</CauseContent>
		<CauseContent>
			<CauseType>3</CauseType>
			<Title>A-3: Z跟踪
（无校正）</Title>
			<IconTitle>Z跟踪
（无校正）</IconTitle>
			<QuestionImageFileName>003_questionImage.png</QuestionImageFileName>
			<QuestionText>在发生刻印不良的时间点（显示NG之处），图表是否变为下述形状？</QuestionText>
			<QuestionImageDescription>①稳定度出现较大下降
或
②Z偏移量出现较大变化</QuestionImageDescription>
			<SolutionImageFileName />
		</CauseContent>
		<CauseContent>
			<CauseType>4</CauseType>
			<Title>A-3: Z跟踪
（有校正）</Title>
			<IconTitle>Z跟踪
（有校正）</IconTitle>
			<QuestionImageFileName>004_questionImage.png</QuestionImageFileName>
			<QuestionText>在发生刻印不良的时间点（显示NG之处），图表是否变为下述形状？</QuestionText>
			<QuestionImageDescription>①稳定度出现较大下降</QuestionImageDescription>
			<SolutionImageFileName />
		</CauseContent>
		<CauseContent>
			<CauseType>5</CauseType>
			<Title>A-3: Z跟踪
（无设置）</Title>
			<IconTitle>Z跟踪
（无设置）</IconTitle>
			<QuestionImageFileName>005_questionImage.png</QuestionImageFileName>
			<QuestionText>在发生刻印不良的时间点（显示NG之处），图表是否变为下述形状？</QuestionText>
			<QuestionImageDescription>①稳定度出现较大下降
或
②Z偏移量出现较大变化</QuestionImageDescription>
			<SolutionImageFileName />
		</CauseContent>
		<CauseContent>
			<CauseType>6</CauseType>
			<Title>A-4: XY跟踪</Title>
			<IconTitle>XY跟踪</IconTitle>
			<QuestionImageFileName>006_questionImage.png</QuestionImageFileName>
			<QuestionText>在发生刻印不良的时间点（显示NG之处），图表是否变为下述形状？</QuestionText>
			<QuestionImageDescription>①关联值出现较大下降</QuestionImageDescription>
			<SolutionImageFileName />
		</CauseContent>
		<CauseContent>
			<CauseType>101</CauseType>
			<Title>B-2: 激光功率降低</Title>
			<IconTitle>激光功率降低</IconTitle>
			<QuestionImageFileName>101_questionImage.png</QuestionImageFileName>
			<QuestionText>在发生刻印不良的时间点（显示NG之处），图表是否有下述显示？</QuestionText>
			<QuestionImageDescription>①显示了“错误/警告记录”</QuestionImageDescription>
			<SolutionImageFileName>101_Solution.zh-Hans.rtf</SolutionImageFileName>
		</CauseContent>
		<CauseContent>
			<CauseType>102</CauseType>
			<Title>B-3: 窗口脏污</Title>
			<IconTitle>窗口脏污</IconTitle>
			<QuestionImageFileName>102_questionImage.png</QuestionImageFileName>
			<QuestionText>在发生刻印不良的时间点（显示NG之处），图表是否有下述显示？</QuestionText>
			<QuestionImageDescription>①显示了“错误/警告记录”</QuestionImageDescription>
			<SolutionImageFileName>102_Solution.zh-Hans.rtf</SolutionImageFileName>
		</CauseContent>
		<CauseContent>
			<CauseType>103</CauseType>
			<Title>B-5: 工件高度偏移
（无校正）</Title>
			<IconTitle>工件高度偏移
（无校正）</IconTitle>
			<QuestionImageFileName>103_questionImage.png</QuestionImageFileName>
			<QuestionText>在发生刻印不良的时间点（显示NG之处），图表是否有下述显示？</QuestionText>
			<QuestionImageDescription>①显示了“错误/警告记录”</QuestionImageDescription>
			<SolutionImageFileName>103_104_105_Solution.zh-Hans.rtf</SolutionImageFileName>
		</CauseContent>
		<CauseContent>
			<CauseType>104</CauseType>
			<Title>B-5: 工件高度偏移
（有校正）</Title>
			<IconTitle>工件高度偏移
（有校正）</IconTitle>
			<QuestionImageFileName>104_questionImage.png</QuestionImageFileName>
			<QuestionText>在发生刻印不良的时间点（显示NG之处），图表是否有下述显示？</QuestionText>
			<QuestionImageDescription>①显示了“错误/警告记录”</QuestionImageDescription>
			<SolutionImageFileName>103_104_105_Solution.zh-Hans.rtf</SolutionImageFileName>
		</CauseContent>
		<CauseContent>
			<CauseType>105</CauseType>
			<Title>B-5: 工件高度偏移
（无设置）</Title>
			<IconTitle>工件高度偏移
（无设置）</IconTitle>
			<QuestionImageFileName>105_questionImage.png</QuestionImageFileName>
			<QuestionText>在发生刻印不良的时间点（显示NG之处），图表是否有下述显示？</QuestionText>
			<QuestionImageDescription>①显示了“错误/警告记录”</QuestionImageDescription>
			<SolutionImageFileName>103_104_105_Solution.zh-Hans.rtf</SolutionImageFileName>
		</CauseContent>
		<CauseContent>
			<CauseType>106</CauseType>
			<Title>B-7: 工件位置偏移</Title>
			<IconTitle>工件位置偏移</IconTitle>
			<QuestionImageFileName>106_questionImage.png</QuestionImageFileName>
			<QuestionText>在发生刻印不良的时间点（显示NG之处），图表是否有下述显示？</QuestionText>
			<QuestionImageDescription>①显示了“错误/警告记录”</QuestionImageDescription>
			<SolutionImageFileName>106_Solution.zh-Hans.rtf</SolutionImageFileName>
		</CauseContent>
		<CauseContent>
			<CauseType>107</CauseType>
			<Title>B-11: 忽略触发</Title>
			<IconTitle>忽略触发</IconTitle>
			<QuestionImageFileName>107_questionImage.png</QuestionImageFileName>
			<QuestionText>在发生刻印不良的时间点（显示NG之处），图表是否有下述显示？</QuestionText>
			<QuestionImageDescription>①显示了“错误/警告记录”</QuestionImageDescription>
			<SolutionImageFileName>107_Solution.zh-Hans.rtf</SolutionImageFileName>
		</CauseContent>
		<CauseContent>
			<CauseType>108</CauseType>
			<Title>B-10: 刻印中断</Title>
			<IconTitle>刻印中断</IconTitle>
			<QuestionImageFileName>108_questionImage.png</QuestionImageFileName>
			<QuestionText>在发生刻印不良的时间点（显示NG之处），图表是否有下述显示？</QuestionText>
			<QuestionImageDescription>①显示了“刻印中断”</QuestionImageDescription>
			<SolutionImageFileName>108_Solution.zh-Hans.rtf</SolutionImageFileName>
		</CauseContent>
		<CauseContent>
			<CauseType>200</CauseType>
			<Title>B-9: 变更任务No.</Title>
			<IconTitle>变更任务No.</IconTitle>
			<QuestionImageFileName>200_questionImage.png</QuestionImageFileName>
			<QuestionText>在发生刻印不良的时间点（显示NG之处），图表是否有下述显示？</QuestionText>
			<QuestionImageDescription>①显示了“变更任务No.”</QuestionImageDescription>
			<SolutionImageFileName>200_Solution.zh-Hans.rtf</SolutionImageFileName>
		</CauseContent>
		<CauseContent>
			<CauseType>300</CauseType>
			<Title>B-1: 程序内容变更:
激光功率</Title>
			<IconTitle>程序内容变更:
激光功率</IconTitle>
			<QuestionImageFileName>300_questionImage.png</QuestionImageFileName>
			<QuestionText>请点击发生刻印不良（NG显示部分）时的图内图标，确认内容。</QuestionText>
			<QuestionImageDescription>①是否显示了意外“变更事件”？
②是否显示了意外“变更记录”？
③是否显示了意外“刻印条件变更”？</QuestionImageDescription>
			<SolutionImageFileName>301_Solution.zh-Hans.rtf</SolutionImageFileName>
		</CauseContent>
		<CauseContent>
			<CauseType>303</CauseType>
			<Title>B-4: 程序内容变更: 
Z跟踪（无校正）</Title>
			<IconTitle>程序内容变更: 
Z跟踪（无校正）</IconTitle>
			<QuestionImageFileName>303_questionImage.png</QuestionImageFileName>
			<QuestionText>在发生刻印不良的时间点（显示NG之处），图表是否有下述显示？</QuestionText>
			<QuestionImageDescription>①显示了“刻印条件变更”</QuestionImageDescription>
			<SolutionImageFileName>303_304_305_Solution.zh-Hans.rtf</SolutionImageFileName>
		</CauseContent>
		<CauseContent>
			<CauseType>304</CauseType>
			<Title>B-4: 程序内容变更: 
Z跟踪（有校正）</Title>
			<IconTitle>程序内容变更: 
Z跟踪（有校正）</IconTitle>
			<QuestionImageFileName>304_questionImage.png</QuestionImageFileName>
			<QuestionText>在发生刻印不良的时间点（显示NG之处），图表是否有下述显示？</QuestionText>
			<QuestionImageDescription>①显示了“刻印条件变更”</QuestionImageDescription>
			<SolutionImageFileName>303_304_305_Solution.zh-Hans.rtf</SolutionImageFileName>
		</CauseContent>
		<CauseContent>
			<CauseType>305</CauseType>
			<Title>B-4: 程序内容变更: 
Z跟踪（无设置）</Title>
			<IconTitle>程序内容变更: 
Z跟踪（无设置）</IconTitle>
			<QuestionImageFileName>305_questionImage.png</QuestionImageFileName>
			<QuestionText>在发生刻印不良的时间点（显示NG之处），图表是否有下述显示？</QuestionText>
			<QuestionImageDescription>①显示了“刻印条件变更”</QuestionImageDescription>
			<SolutionImageFileName>303_304_305_Solution.zh-Hans.rtf</SolutionImageFileName>
		</CauseContent>
		<CauseContent>
			<CauseType>306</CauseType>
			<Title>B-6: 程序内容变更: 
XY跟踪</Title>
			<IconTitle>程序内容变更: 
XY跟踪</IconTitle>
			<QuestionImageFileName>306_questionImage.png</QuestionImageFileName>
			<QuestionText>在发生刻印不良的时间点（显示NG之处），图表是否有下述显示？</QuestionText>
			<QuestionImageDescription>①显示了“刻印条件变更”</QuestionImageDescription>
			<SolutionImageFileName>306_Solution.zh-Hans.rtf</SolutionImageFileName>
		</CauseContent>
		<CauseContent>
			<CauseType>307</CauseType>
			<Title>B-8: 程序内容变更:
通用</Title>
			<IconTitle>程序内容变更:
通用</IconTitle>
			<QuestionImageFileName>307_questionImage.png</QuestionImageFileName>
			<QuestionText>请点击发生刻印不良（NG显示部分）时的图内图标，确认内容。</QuestionText>
			<QuestionImageDescription>①是否显示了意外“变更事件”？
②是否显示了意外“变更记录”？
③是否显示了意外“刻印条件变更”？</QuestionImageDescription>
			<SolutionImageFileName>307_Solution.zh-Hans.rtf</SolutionImageFileName>
		</CauseContent>
		<CauseContent>
			<CauseType>400</CauseType>
			<Title>B-12: 照相机图像
（刻印中偏移）</Title>
			<IconTitle>照相机图像
（刻印中偏移）</IconTitle>
			<QuestionImageFileName>400_questionImage.png</QuestionImageFileName>
			<QuestionText>请双击扩大刻印不良的图像，确认下述内容。</QuestionText>
			<QuestionImageDescription>①在刻印前、后，刻印对象是否发生偏移？</QuestionImageDescription>
			<SolutionImageFileName>400_Solution.zh-Hans.rtf</SolutionImageFileName>
		</CauseContent>
		<CauseContent>
			<CauseType>500</CauseType>
			<Title>B-13: 照相机图像
（照明、照相机变化）</Title>
			<IconTitle>照相机图像
（照明、照相机变化）</IconTitle>
			<QuestionImageFileName>500_questionImage.png</QuestionImageFileName>
			<QuestionText>请双击扩大NG的图像，确认下述内容。</QuestionText>
			<QuestionImageDescription>①与OK图像相比，亮度是否有变化？</QuestionImageDescription>
			<SolutionImageFileName>500_Solution.zh-Hans.rtf</SolutionImageFileName>
		</CauseContent>
		<CauseContent>
			<CauseType>600</CauseType>
			<Title>B-14: 照相机图像
（异物、遮挡）</Title>
			<IconTitle>照相机图像
（异物、遮挡）</IconTitle>
			<QuestionImageFileName>600_questionImage.png</QuestionImageFileName>
			<QuestionText>请双击扩大刻印不良的图像，确认下述内容。</QuestionText>
			<QuestionImageDescription>①刻印前、后图像上是否有异物或遮挡？</QuestionImageDescription>
			<SolutionImageFileName>600_Solution.zh-Hans.rtf</SolutionImageFileName>
		</CauseContent>
		<CauseContent>
			<CauseType>9999</CauseType>
			<Title>常见
故障及解决方法</Title>
			<IconTitle>常见
故障及解决方法</IconTitle>
			<QuestionImageFileName />
			<QuestionText />
			<QuestionImageDescription />
			<SolutionImageFileName>9999_Solution.zh-Hans.rtf</SolutionImageFileName>
		</CauseContent>
	</ContentList>
</CauseContentRoot>