﻿<?xml version="1.0" encoding="utf-8" standalone="no"?>
<CauseContentRoot>
	<ContentList>
		<CauseContent>
			<CauseType>1</CauseType>
			<Title>A-1: Potenza laser</Title>
			<IconTitle>Potenza laser</IconTitle>
			<QuestionImageFileName>001_questionImage.png</QuestionImageFileName>
			<QuestionText>La forma del grafico corrisponde a quella seguente nel momento in cui si è verificato l'errore di marcatura (parte della visualizzazione di NG)?</QuestionText>
			<QuestionImageDescription>(1) L'energia di marcatura è cambiata notevolmente.
Oppure
(2) L'energia stimata è cambiata notevolmente. (se (1) non è visualizzato)</QuestionImageDescription>
			<SolutionImageFileName />
		</CauseContent>
		<CauseContent>
			<CauseType>2</CauseType>
			<Title>A-2: Manutenzione lente</Title>
			<IconTitle>Manutenzione lente</IconTitle>
			<QuestionImageFileName>002_questionImage.png</QuestionImageFileName>
			<QuestionText>La forma del grafico corrisponde a quella seguente nel momento in cui si è verificato l'errore di marcatura (parte della visualizzazione di NG)?</QuestionText>
			<QuestionImageDescription>(1) Il risultato della manutenzione lente prima (o dopo) 
l'operazione di marcatura diminuisce.</QuestionImageDescription>
			<SolutionImageFileName />
		</CauseContent>
		<CauseContent>
			<CauseType>3</CauseType>
			<Title>A-3: Scansione Z 
(senza calibrazione)</Title>
			<IconTitle>Scansione Z 
(senza calibrazione)</IconTitle>
			<QuestionImageFileName>003_questionImage.png</QuestionImageFileName>
			<QuestionText>La forma del grafico corrisponde a quella seguente nel momento in cui si è verificato l'errore di marcatura (parte della visualizzazione di NG)?</QuestionText>
			<QuestionImageDescription>(1) La stabilità diminuisce notevolmente.
Oppure
(2) La quantità di variazione Z diminuisce notevolmente.</QuestionImageDescription>
			<SolutionImageFileName />
		</CauseContent>
		<CauseContent>
			<CauseType>4</CauseType>
			<Title>A-3: Scansione Z 
(con calibrazione)</Title>
			<IconTitle>Scansione Z 
(con calibrazione)</IconTitle>
			<QuestionImageFileName>004_questionImage.png</QuestionImageFileName>
			<QuestionText>La forma del grafico corrisponde a quella seguente nel momento in cui si è verificato l'errore di marcatura (parte della visualizzazione di NG)?</QuestionText>
			<QuestionImageDescription>(1) La stabilità diminuisce notevolmente.</QuestionImageDescription>
			<SolutionImageFileName />
		</CauseContent>
		<CauseContent>
			<CauseType>5</CauseType>
			<Title>A-3: Scansione Z 
(senza impostazioni)</Title>
			<IconTitle>Scansione Z 
(senza impostazioni)</IconTitle>
			<QuestionImageFileName>005_questionImage.png</QuestionImageFileName>
			<QuestionText>La forma del grafico corrisponde a quella seguente nel momento in cui si è verificato l'errore di marcatura (parte della visualizzazione di NG)?</QuestionText>
			<QuestionImageDescription>(1) La stabilità diminuisce notevolmente.
Oppure
(2) La quantità di variazione Z diminuisce notevolmente.</QuestionImageDescription>
			<SolutionImageFileName />
		</CauseContent>
		<CauseContent>
			<CauseType>6</CauseType>
			<Title>A-4: Scansione XY</Title>
			<IconTitle>Scansione XY</IconTitle>
			<QuestionImageFileName>006_questionImage.png</QuestionImageFileName>
			<QuestionText>La forma del grafico corrisponde a quella seguente nel momento in cui si è verificato l'errore di marcatura (parte della visualizzazione di NG)?</QuestionText>
			<QuestionImageDescription>(1) Il valore correlato diminuisce notevolmente.</QuestionImageDescription>
			<SolutionImageFileName />
		</CauseContent>
		<CauseContent>
			<CauseType>101</CauseType>
			<Title>B-2: Diminuzione potenza laser</Title>
			<IconTitle>Diminuzione potenza laser</IconTitle>
			<QuestionImageFileName>101_questionImage.png</QuestionImageFileName>
			<QuestionText>Esiste un punto del grafico che corrisponde alla visualizzazione seguente nel momento in cui si è verificato l'errore di marcatura (parte della visualizzazione di NG)?</QuestionText>
			<QuestionImageDescription>(1) Viene visualizzato il messaggio "Cronologia errori/ avvisi".</QuestionImageDescription>
			<SolutionImageFileName>101_Solution.it.rtf</SolutionImageFileName>
		</CauseContent>
		<CauseContent>
			<CauseType>102</CauseType>
			<Title>B-3: Sporco sulla lente</Title>
			<IconTitle>Sporco sulla lente</IconTitle>
			<QuestionImageFileName>102_questionImage.png</QuestionImageFileName>
			<QuestionText>Esiste un punto del grafico che corrisponde alla visualizzazione seguente nel momento in cui si è verificato l'errore di marcatura (parte della visualizzazione di NG)?</QuestionText>
			<QuestionImageDescription>(1) Viene visualizzato il messaggio "Cronologia errori/ avvisi".</QuestionImageDescription>
			<SolutionImageFileName>102_Solution.it.rtf</SolutionImageFileName>
		</CauseContent>
		<CauseContent>
			<CauseType>103</CauseType>
			<Title>B-5: Variazione altezza lavoro
(senza calibrazione)</Title>
			<IconTitle>Variazione altezza lavoro
(senza calibrazione)</IconTitle>
			<QuestionImageFileName>103_questionImage.png</QuestionImageFileName>
			<QuestionText>Esiste un punto del grafico che corrisponde alla visualizzazione seguente nel momento in cui si è verificato l'errore di marcatura (parte della visualizzazione di NG)?</QuestionText>
			<QuestionImageDescription>(1) Viene visualizzato il messaggio "Cronologia errori/ avvisi".</QuestionImageDescription>
			<SolutionImageFileName>103_104_105_Solution.it.rtf</SolutionImageFileName>
		</CauseContent>
		<CauseContent>
			<CauseType>104</CauseType>
			<Title>B-5: Variazione altezza lavoro
(con calibrazione)</Title>
			<IconTitle>Variazione altezza lavoro
(con calibrazione)</IconTitle>
			<QuestionImageFileName>104_questionImage.png</QuestionImageFileName>
			<QuestionText>Esiste un punto del grafico che corrisponde alla visualizzazione seguente nel momento in cui si è verificato l'errore di marcatura (parte della visualizzazione di NG)?</QuestionText>
			<QuestionImageDescription>(1) Viene visualizzato il messaggio "Cronologia errori/ avvisi".</QuestionImageDescription>
			<SolutionImageFileName>103_104_105_Solution.it.rtf</SolutionImageFileName>
		</CauseContent>
		<CauseContent>
			<CauseType>105</CauseType>
			<Title>B-5: Variazione altezza lavoro
(senza settaggi)</Title>
			<IconTitle>Variazione altezza lavoro
(senza settaggi)</IconTitle>
			<QuestionImageFileName>105_questionImage.png</QuestionImageFileName>
			<QuestionText>Esiste un punto del grafico che corrisponde alla visualizzazione seguente nel momento in cui si è verificato l'errore di marcatura (parte della visualizzazione di NG)?</QuestionText>
			<QuestionImageDescription>(1) Viene visualizzato il messaggio "Cronologia errori/ avvisi".</QuestionImageDescription>
			<SolutionImageFileName>103_104_105_Solution.it.rtf</SolutionImageFileName>
		</CauseContent>
		<CauseContent>
			<CauseType>106</CauseType>
			<Title>B-7: Variazione posizione di lavoro</Title>
			<IconTitle>Variazione posizione di lavoro</IconTitle>
			<QuestionImageFileName>106_questionImage.png</QuestionImageFileName>
			<QuestionText>Esiste un punto del grafico che corrisponde alla visualizzazione seguente nel momento in cui si è verificato l'errore di marcatura (parte della visualizzazione di NG)?</QuestionText>
			<QuestionImageDescription>(1) Viene visualizzato il messaggio "Cronologia errori/ avvisi".</QuestionImageDescription>
			<SolutionImageFileName>106_Solution.it.rtf</SolutionImageFileName>
		</CauseContent>
		<CauseContent>
			<CauseType>107</CauseType>
			<Title>B-11: Ignora trigger</Title>
			<IconTitle>Ignora trigger</IconTitle>
			<QuestionImageFileName>107_questionImage.png</QuestionImageFileName>
			<QuestionText>Esiste un punto del grafico che corrisponde alla visualizzazione seguente nel momento in cui si è verificato l'errore di marcatura (parte della visualizzazione di NG)?</QuestionText>
			<QuestionImageDescription>(1) Viene visualizzato il messaggio "Cronologia errori/ avvisi".</QuestionImageDescription>
			<SolutionImageFileName>107_Solution.it.rtf</SolutionImageFileName>
		</CauseContent>
		<CauseContent>
			<CauseType>108</CauseType>
			<Title>B-10: Annulla marcatura</Title>
			<IconTitle>Annulla marcatura</IconTitle>
			<QuestionImageFileName>108_questionImage.png</QuestionImageFileName>
			<QuestionText>Esiste un punto del grafico che corrisponde alla visualizzazione seguente nel momento in cui si è verificato l'errore di marcatura (parte della visualizzazione di NG)?</QuestionText>
			<QuestionImageDescription>(1) Viene visualizzato il messaggio "Annulla marcatura".</QuestionImageDescription>
			<SolutionImageFileName>108_Solution.it.rtf</SolutionImageFileName>
		</CauseContent>
		<CauseContent>
			<CauseType>200</CauseType>
			<Title>B-9: Modifica N. programma</Title>
			<IconTitle>Modifica N. programma</IconTitle>
			<QuestionImageFileName>200_questionImage.png</QuestionImageFileName>
			<QuestionText>Esiste un punto del grafico che corrisponde alla visualizzazione seguente nel momento in cui si è verificato l'errore di marcatura (parte della visualizzazione di NG)?</QuestionText>
			<QuestionImageDescription>(1) Viene visualizzato il messaggio "Modifica N. programma".</QuestionImageDescription>
			<SolutionImageFileName>200_Solution.it.rtf</SolutionImageFileName>
		</CauseContent>
		<CauseContent>
			<CauseType>300</CauseType>
			<Title>B-1: Modifica contenuti impostazioni:
potenza laser</Title>
			<IconTitle>Modifica contenuti impostazioni:
potenza laser</IconTitle>
			<QuestionImageFileName>300_questionImage.png</QuestionImageFileName>
			<QuestionText>Controllare il contenuto facendo clic sull’icona nel grafico in corrispondenza del momento in cui si è verificato l’errore di marcatura (area di visualizzazione NG). </QuestionText>
			<QuestionImageDescription>(1) È visualizzato “Cambia eventi”? che non è previsto
(2) È visualizzato “Cambia cronologia”? che non è previsto
(3) È visualizzato “Cambia parametri marcatura"? che non è previsto</QuestionImageDescription>
			<SolutionImageFileName>301_Solution.it.rtf</SolutionImageFileName>
		</CauseContent>
		<CauseContent>
			<CauseType>303</CauseType>
			<Title>B-4: Modifica contenuti impostazioni:
Sansione Z (senza calibrazione)</Title>
			<IconTitle>Modifica contenuti impostazioni:
Sansione Z (senza calibrazione)</IconTitle>
			<QuestionImageFileName>303_questionImage.png</QuestionImageFileName>
			<QuestionText>Esiste un punto del grafico che corrisponde alla visualizzazione seguente nel momento in cui si è verificato l'errore di marcatura (parte della visualizzazione di NG)?</QuestionText>
			<QuestionImageDescription>(1) Viene visualizzato il messaggio "Modifica condizioni
 marcatura".</QuestionImageDescription>
			<SolutionImageFileName>303_304_305_Solution.it.rtf</SolutionImageFileName>
		</CauseContent>
		<CauseContent>
			<CauseType>304</CauseType>
			<Title>B-4: Modifica contenuti impostazioni:
Scansione Z (con calibrazione)</Title>
			<IconTitle>Modifica contenuti impostazioni:
Scansione Z (con calibrazione)</IconTitle>
			<QuestionImageFileName>304_questionImage.png</QuestionImageFileName>
			<QuestionText>Esiste un punto del grafico che corrisponde alla visualizzazione seguente nel momento in cui si è verificato l'errore di marcatura (parte della visualizzazione di NG)?</QuestionText>
			<QuestionImageDescription>(1) Viene visualizzato il messaggio "Modifica condizioni
marcatura".</QuestionImageDescription>
			<SolutionImageFileName>303_304_305_Solution.it.rtf</SolutionImageFileName>
		</CauseContent>
		<CauseContent>
			<CauseType>305</CauseType>
			<Title>B-4: Modifica contenuti impostazioni:
Scansione Z (senza settaggi)</Title>
			<IconTitle>Modifica contenuti impostazioni:
Scansione Z (senza settaggi)</IconTitle>
			<QuestionImageFileName>305_questionImage.png</QuestionImageFileName>
			<QuestionText>Esiste un punto del grafico che corrisponde alla visualizzazione seguente nel momento in cui si è verificato l'errore di marcatura (parte della visualizzazione di NG)?</QuestionText>
			<QuestionImageDescription>(1) Viene visualizzato il messaggio "Modifica condizioni
marcatura".</QuestionImageDescription>
			<SolutionImageFileName>303_304_305_Solution.it.rtf</SolutionImageFileName>
		</CauseContent>
		<CauseContent>
			<CauseType>306</CauseType>
			<Title>B-6: Modifica contenuti impostazioni:
Scansione XY</Title>
			<IconTitle>Modifica contenuti impostazioni:
Scansione XY</IconTitle>
			<QuestionImageFileName>306_questionImage.png</QuestionImageFileName>
			<QuestionText>Esiste un punto del grafico che corrisponde alla visualizzazione seguente nel momento in cui si è verificato l'errore di marcatura (parte della visualizzazione di NG)?</QuestionText>
			<QuestionImageDescription>(1) Viene visualizzato il messaggio "Modifica condizioni
marcatura".</QuestionImageDescription>
			<SolutionImageFileName>306_Solution.it.rtf</SolutionImageFileName>
		</CauseContent>
		<CauseContent>
			<CauseType>307</CauseType>
			<Title>B-8: Modifica contenuti impostazioni:
comuni</Title>
			<IconTitle>Modifica contenuti impostazioni:
comuni</IconTitle>
			<QuestionImageFileName>307_questionImage.png</QuestionImageFileName>
			<QuestionText>Controllare il contenuto facendo clic sull’icona nel grafico in corrispondenza del momento in cui si è verificato l’errore di marcatura (area di visualizzazione NG). </QuestionText>
			<QuestionImageDescription>(1) È visualizzato “Cambia eventi”? che non è previsto
(2) È visualizzato “Cambia cronologia”? che non è previsto
(3) È visualizzato “Cambia parametri marcatura"? che non è previsto</QuestionImageDescription>
			<SolutionImageFileName>307_Solution.it.rtf</SolutionImageFileName>
		</CauseContent>
		<CauseContent>
			<CauseType>400</CauseType>
			<Title>B-12: Immagine telecamera
(vuoto durante la marcatura)</Title>
			<IconTitle>Immagine telecamera
(vuoto durante la marcatura)</IconTitle>
			<QuestionImageFileName>400_questionImage.png</QuestionImageFileName>
			<QuestionText>Fare doppio clic sull'immagine dell'errore di marcatura per ingrandirne la visualizzazione e verificare quanto segue.</QuestionText>
			<QuestionImageDescription>(1) Il target è diverso prima/dopo l'operazione di marcatura?</QuestionImageDescription>
			<SolutionImageFileName>400_Solution.it.rtf</SolutionImageFileName>
		</CauseContent>
		<CauseContent>
			<CauseType>500</CauseType>
			<Title>B-13: Immagine telecamera
(modifica illuminazione/telecamera)</Title>
			<IconTitle>Immagine telecamera
(modifica illuminazione/telecamera)</IconTitle>
			<QuestionImageFileName>500_questionImage.png</QuestionImageFileName>
			<QuestionText>Fare doppio clic sull'immagine NG per ingrandirne la visualizzazione e verificare quanto segue.</QuestionText>
			<QuestionImageDescription>(1) La luminosità cambia rispetto all'immagine OK?</QuestionImageDescription>
			<SolutionImageFileName>500_Solution.it.rtf</SolutionImageFileName>
		</CauseContent>
		<CauseContent>
			<CauseType>600</CauseType>
			<Title>B-14: Immagine telecamera
(materiale estraneo/ostruzione)</Title>
			<IconTitle>Immagine telecamera
(materiale estraneo/ostruzione)</IconTitle>
			<QuestionImageFileName>600_questionImage.png</QuestionImageFileName>
			<QuestionText>Fare doppio clic sull'immagine dell'errore di marcatura per ingrandirne la visualizzazione e verificare quanto segue.</QuestionText>
			<QuestionImageDescription>(1) L'immagine prima/dopo l'operazione di marcatura 
contiene materiali estranei o presenta ostruzioni?</QuestionImageDescription>
			<SolutionImageFileName>600_Solution.it.rtf</SolutionImageFileName>
		</CauseContent>
		<CauseContent>
			<CauseType>9999</CauseType>
			<Title>Risoluzione dei problemi frequenti</Title>
			<IconTitle>Risoluzione dei problemi frequenti</IconTitle>
			<QuestionImageFileName />
			<QuestionText />
			<QuestionImageDescription />
			<SolutionImageFileName>9999_Solution.it.rtf</SolutionImageFileName>
		</CauseContent>
	</ContentList>
</CauseContentRoot>