﻿<?xml version="1.0" encoding="utf-8" standalone="no"?>
<CauseContentRoot>
	<ContentList>
		<CauseContent>
			<CauseType>1</CauseType>
			<Title>A-1: 레이저 파워</Title>
			<IconTitle>레이저 파워</IconTitle>
			<QuestionImageFileName>001_questionImage.png</QuestionImageFileName>
			<QuestionText>인쇄 불량이 발생한 시점(NG표시부)의 그래프가 다음과 같은 형상입니까?</QuestionText>
			<QuestionImageDescription>①마킹 에너지가 크게 변동됨
또는
②추정 에너지가 크게 변동됨(①이 표시되어 있지 않은 경우)</QuestionImageDescription>
			<SolutionImageFileName />
		</CauseContent>
		<CauseContent>
			<CauseType>2</CauseType>
			<Title>A-2: 윈도우 점검</Title>
			<IconTitle>윈도우 점검</IconTitle>
			<QuestionImageFileName>002_questionImage.png</QuestionImageFileName>
			<QuestionText>인쇄 불량이 발생한 시점(NG표시부)의 그래프가 다음과 같은 형상입니까?</QuestionText>
			<QuestionImageDescription>①인쇄 동작 전(또는 후)윈도우 점검 결과의 수치가 내려감</QuestionImageDescription>
			<SolutionImageFileName />
		</CauseContent>
		<CauseContent>
			<CauseType>3</CauseType>
			<Title>A-3: Z좌표
(보정 없음)</Title>
			<IconTitle>Z좌표
(보정 없음)</IconTitle>
			<QuestionImageFileName>003_questionImage.png</QuestionImageFileName>
			<QuestionText>인쇄 불량이 발생한 시점(NG표시부)의 그래프가 다음과 같은 형상입니까?</QuestionText>
			<QuestionImageDescription>①안정도가 크게 낮아짐
또는 
②Z오차량이 크게 변동됨</QuestionImageDescription>
			<SolutionImageFileName />
		</CauseContent>
		<CauseContent>
			<CauseType>4</CauseType>
			<Title>A-3: Z좌표
(보정 있음)</Title>
			<IconTitle>Z좌표
(보정 있음)</IconTitle>
			<QuestionImageFileName>004_questionImage.png</QuestionImageFileName>
			<QuestionText>인쇄 불량이 발생한 시점(NG표시부)의 그래프가 다음과 같은 형상입니까?</QuestionText>
			<QuestionImageDescription>①안정도가 크게 낮아짐</QuestionImageDescription>
			<SolutionImageFileName />
		</CauseContent>
		<CauseContent>
			<CauseType>5</CauseType>
			<Title>A-3: Z좌표
(설정 없음)</Title>
			<IconTitle>Z좌표
(설정 없음)</IconTitle>
			<QuestionImageFileName>005_questionImage.png</QuestionImageFileName>
			<QuestionText>인쇄 불량이 발생한 시점(NG표시부)의 그래프가 다음과 같은 형상입니까?</QuestionText>
			<QuestionImageDescription>①안정도가 크게 낮아짐
또는 
②Z오차량이 크게 변동됨</QuestionImageDescription>
			<SolutionImageFileName />
		</CauseContent>
		<CauseContent>
			<CauseType>6</CauseType>
			<Title>A-4: XY좌표</Title>
			<IconTitle>XY좌표</IconTitle>
			<QuestionImageFileName>006_questionImage.png</QuestionImageFileName>
			<QuestionText>인쇄 불량이 발생한 시점(NG표시부)의 그래프가 다음과 같은 형상입니까?</QuestionText>
			<QuestionImageDescription>①상관치가 크게 낮아짐</QuestionImageDescription>
			<SolutionImageFileName />
		</CauseContent>
		<CauseContent>
			<CauseType>101</CauseType>
			<Title>B-2: 레이저 파워 저하</Title>
			<IconTitle>레이저 파워 저하</IconTitle>
			<QuestionImageFileName>101_questionImage.png</QuestionImageFileName>
			<QuestionText>인쇄 불량이 발생한 시점(NG표시부)의, 그래프에 다음과 같은 표시가 있습니까?</QuestionText>
			<QuestionImageDescription>①「에러/경고 이력」이 표시됨</QuestionImageDescription>
			<SolutionImageFileName>101_Solution.ko.rtf</SolutionImageFileName>
		</CauseContent>
		<CauseContent>
			<CauseType>102</CauseType>
			<Title>B-3: 윈도우 오염</Title>
			<IconTitle>윈도우 오염</IconTitle>
			<QuestionImageFileName>102_questionImage.png</QuestionImageFileName>
			<QuestionText>인쇄 불량이 발생한 시점(NG표시부)의 그래프에 다음과 같은 표시가 있습니까?</QuestionText>
			<QuestionImageDescription>①「에러/경고 이력」이 표시됨</QuestionImageDescription>
			<SolutionImageFileName>102_Solution.ko.rtf</SolutionImageFileName>
		</CauseContent>
		<CauseContent>
			<CauseType>103</CauseType>
			<Title>B-5: 대상 물체 높이 오차
(보정 없음)</Title>
			<IconTitle>대상 물체 높이 오차
(보정 없음)</IconTitle>
			<QuestionImageFileName>103_questionImage.png</QuestionImageFileName>
			<QuestionText>인쇄 불량이 발생한 시점(NG표시부)의 그래프에 다음과 같은 표시가 있습니까?</QuestionText>
			<QuestionImageDescription>①「에러/경고 이력」이 표시됨</QuestionImageDescription>
			<SolutionImageFileName>103_104_105_Solution.ko.rtf</SolutionImageFileName>
		</CauseContent>
		<CauseContent>
			<CauseType>104</CauseType>
			<Title>B-5: 대상 물체 높이 오차
(보정 있음)</Title>
			<IconTitle>대상 물체 높이 오차
(보정 있음)</IconTitle>
			<QuestionImageFileName>104_questionImage.png</QuestionImageFileName>
			<QuestionText>인쇄 불량이 발생한 시점(NG표시부)의 그래프에 다음과 같은 표시가 있습니까?</QuestionText>
			<QuestionImageDescription>①「에러/경고 이력」이 표시됨</QuestionImageDescription>
			<SolutionImageFileName>103_104_105_Solution.ko.rtf</SolutionImageFileName>
		</CauseContent>
		<CauseContent>
			<CauseType>105</CauseType>
			<Title>B-5: 대상 물체 높이 오차
(설정 없음)</Title>
			<IconTitle>대상 물체 높이 오차
(설정 없음)</IconTitle>
			<QuestionImageFileName>105_questionImage.png</QuestionImageFileName>
			<QuestionText>인쇄 불량이 발생한 시점(NG표시부)의 그래프에 다음과 같은 표시가 있습니까?</QuestionText>
			<QuestionImageDescription>①「에러/경고 이력」이 표시됨</QuestionImageDescription>
			<SolutionImageFileName>103_104_105_Solution.ko.rtf</SolutionImageFileName>
		</CauseContent>
		<CauseContent>
			<CauseType>106</CauseType>
			<Title>B-7: 대상 물체 이동</Title>
			<IconTitle>대상 물체 위치 오차</IconTitle>
			<QuestionImageFileName>106_questionImage.png</QuestionImageFileName>
			<QuestionText>인쇄 불량이 발생한 시점(NG표시부)의 그래프에 다음과 같은 표시가 있습니까?</QuestionText>
			<QuestionImageDescription>①「에러/경고 이력」이 표시됨</QuestionImageDescription>
			<SolutionImageFileName>106_Solution.ko.rtf</SolutionImageFileName>
		</CauseContent>
		<CauseContent>
			<CauseType>107</CauseType>
			<Title>B-11: 트리거 무시</Title>
			<IconTitle>트리거 무시</IconTitle>
			<QuestionImageFileName>107_questionImage.png</QuestionImageFileName>
			<QuestionText>인쇄 불량이 발생한 시점(NG표시부)의 그래프에 다음과 같은 표시가 있습니까?</QuestionText>
			<QuestionImageDescription>①「에러/경고 이력」이 표시됨</QuestionImageDescription>
			<SolutionImageFileName>107_Solution.ko.rtf</SolutionImageFileName>
		</CauseContent>
		<CauseContent>
			<CauseType>108</CauseType>
			<Title>B-10: 인쇄 중단</Title>
			<IconTitle>인쇄 중단</IconTitle>
			<QuestionImageFileName>108_questionImage.png</QuestionImageFileName>
			<QuestionText>인쇄 불량이 발생한 시점(NG표시부)의 그래프에 다음과 같은 표시가 있습니까?</QuestionText>
			<QuestionImageDescription>①「인쇄 중단」이 표시됨</QuestionImageDescription>
			<SolutionImageFileName>108_Solution.ko.rtf</SolutionImageFileName>
		</CauseContent>
		<CauseContent>
			<CauseType>200</CauseType>
			<Title>B-9: 작업 No.변경</Title>
			<IconTitle>작업 No.변경</IconTitle>
			<QuestionImageFileName>200_questionImage.png</QuestionImageFileName>
			<QuestionText>인쇄 불량이 발생한 시점(NG표시부)의 그래프에 다음과 같은 표시가 있습니까?</QuestionText>
			<QuestionImageDescription>①「작업 No.변경」이 표시됨</QuestionImageDescription>
			<SolutionImageFileName>200_Solution.ko.rtf</SolutionImageFileName>
		</CauseContent>
		<CauseContent>
			<CauseType>300</CauseType>
			<Title>B-1: 설정 내용 변경:
레이저 파워</Title>
			<IconTitle>설정 내용 변경:
레이저 파워</IconTitle>
			<QuestionImageFileName>300_questionImage.png</QuestionImageFileName>
			<QuestionText>인쇄 불량이 발생한 타이밍(NG표시부) 그래프의 아이콘을 클릭하여 내용을 확인하십시오.</QuestionText>
			<QuestionImageDescription>①의도하지 않은 「변경 이벤트」가 표시되었습니까?
②의도하지 않은 「변경 이력」이 표시되었습니까?
③의도하지 않은 「인쇄 조건 변경」이 표시되었습니까?</QuestionImageDescription>
			<SolutionImageFileName>301_Solution.ko.rtf</SolutionImageFileName>
		</CauseContent>
		<CauseContent>
			<CauseType>303</CauseType>
			<Title>B-4: 설정 내용 변경:
Z좌표(보정 없음)</Title>
			<IconTitle>설정 내용 변경:
Z좌표(보정 없음)</IconTitle>
			<QuestionImageFileName>303_questionImage.png</QuestionImageFileName>
			<QuestionText>인쇄 불량이 발생한 시점(NG표시부)의 그래프에 다음과 같은 표시가 있습니까?</QuestionText>
			<QuestionImageDescription>①「인쇄 조건 변경」이 표시됨</QuestionImageDescription>
			<SolutionImageFileName>303_304_305_Solution.ko.rtf</SolutionImageFileName>
		</CauseContent>
		<CauseContent>
			<CauseType>304</CauseType>
			<Title>B-4: 설정 내용 변경:
Z좌표(보정 있음)</Title>
			<IconTitle>설정 내용 변경:
Z좌표(보정 있음)</IconTitle>
			<QuestionImageFileName>304_questionImage.png</QuestionImageFileName>
			<QuestionText>인쇄 불량이 발생한 시점(NG표시부)의 그래프에 다음과 같은 표시가 있습니까?</QuestionText>
			<QuestionImageDescription>①「인쇄 조건 변경」이 표시됨</QuestionImageDescription>
			<SolutionImageFileName>303_304_305_Solution.ko.rtf</SolutionImageFileName>
		</CauseContent>
		<CauseContent>
			<CauseType>305</CauseType>
			<Title>B-4: 설정 내용 변경:
Z좌표(설정 없음)</Title>
			<IconTitle>설정 내용 변경:
Z좌표(설정 없음)</IconTitle>
			<QuestionImageFileName>305_questionImage.png</QuestionImageFileName>
			<QuestionText>인쇄 불량이 발생한 시점(NG표시부)의 그래프에 다음과 같은 표시가 있습니까?</QuestionText>
			<QuestionImageDescription>①「인쇄 조건 변경」이 표시됨</QuestionImageDescription>
			<SolutionImageFileName>303_304_305_Solution.ko.rtf</SolutionImageFileName>
		</CauseContent>
		<CauseContent>
			<CauseType>306</CauseType>
			<Title>B-6: 설정 내용 변경:
XY좌표</Title>
			<IconTitle>설정 내용 변경:
XY좌표</IconTitle>
			<QuestionImageFileName>306_questionImage.png</QuestionImageFileName>
			<QuestionText>인쇄 불량이 발생한 시점(NG표시부)의 그래프에 다음과 같은 표시가 있습니까?</QuestionText>
			<QuestionImageDescription>①「인쇄 조건 변경」이 표시됨</QuestionImageDescription>
			<SolutionImageFileName>306_Solution.ko.rtf</SolutionImageFileName>
		</CauseContent>
		<CauseContent>
			<CauseType>307</CauseType>
			<Title>B-8: 설정 내용 변경:
공통</Title>
			<IconTitle>설정 내용 변경:
공통</IconTitle>
			<QuestionImageFileName>307_questionImage.png</QuestionImageFileName>
			<QuestionText>인쇄 불량이 발생한 타이밍(NG표시부) 그래프의 아이콘을 클릭하여 내용을 확인하십시오.</QuestionText>
			<QuestionImageDescription>①의도하지 않은 「변경 이벤트」가 표시되었습니까?
②의도하지 않은 「변경 이력」이 표시되었습니까?
③의도하지 않은 「인쇄 조건 변경」이 표시되었습니까?</QuestionImageDescription>
			<SolutionImageFileName>307_Solution.ko.rtf</SolutionImageFileName>
		</CauseContent>
		<CauseContent>
			<CauseType>400</CauseType>
			<Title>B-12: 카메라 이미지
(인쇄 중 오차)</Title>
			<IconTitle>카메라 이미지
(인쇄 중 오차)</IconTitle>
			<QuestionImageFileName>400_questionImage.png</QuestionImageFileName>
			<QuestionText>인쇄 불량 이미지를 더블 클릭하여 확대 표시한 후, 다음을 확인해 주십시오.</QuestionText>
			<QuestionImageDescription>①인쇄 동작 전·후의 대상 물체가 어긋나있습니까?</QuestionImageDescription>
			<SolutionImageFileName>400_Solution.ko.rtf</SolutionImageFileName>
		</CauseContent>
		<CauseContent>
			<CauseType>500</CauseType>
			<Title>B-13: 카메라 이미지
(조명·카메라 변동)</Title>
			<IconTitle>카메라 이미지
(조명·카메라 변동)</IconTitle>
			<QuestionImageFileName>500_questionImage.png</QuestionImageFileName>
			<QuestionText>NG 이미지를 더블 클릭하여 확대 표시한 후, 다음을 확인해 주십시오.</QuestionText>
			<QuestionImageDescription>①OK 이미지와 비교하였을 때, 밝기 변화가 있습니까?</QuestionImageDescription>
			<SolutionImageFileName>500_Solution.ko.rtf</SolutionImageFileName>
		</CauseContent>
		<CauseContent>
			<CauseType>600</CauseType>
			<Title>B-14: 카메라 이미지
(이물·장애물)</Title>
			<IconTitle>카메라 이미지
(이물질·장애물)</IconTitle>
			<QuestionImageFileName>600_questionImage.png</QuestionImageFileName>
			<QuestionText>인쇄 불량 이미지를 더블 클릭하여 확대 표시한 후, 다음을 확인해 주십시오.</QuestionText>
			<QuestionImageDescription>①인쇄 동작 전·후 이미지에 이물질이나 장애물이 찍혀있습니까?</QuestionImageDescription>
			<SolutionImageFileName>600_Solution.ko.rtf</SolutionImageFileName>
		</CauseContent>
		<CauseContent>
			<CauseType>9999</CauseType>
			<Title>일반적인 문제 해결</Title>
			<IconTitle>일반적인 문제 해결</IconTitle>
			<QuestionImageFileName />
			<QuestionText />
			<QuestionImageDescription />
			<SolutionImageFileName>9999_Solution.ko.rtf</SolutionImageFileName>
		</CauseContent>
	</ContentList>
</CauseContentRoot>