﻿<?xml version="1.0" encoding="utf-8" standalone="no"?>
<CauseContentRoot>
	<ContentList>
		<CauseContent>
			<CauseType>1</CauseType>
			<Title>A-1: Puissance laser</Title>
			<IconTitle>Puissance laser</IconTitle>
			<QuestionImageFileName>001_questionImage.png</QuestionImageFileName>
			<QuestionText>Le graphique a-t-il la forme suivante au moment où l'erreur de marquage s'est produite (partie de l'affichage NG) ?</QuestionText>
			<QuestionImageDescription>(1) L'énergie de marquage a été considérablement modifiée.
Ou
(2) l'énergie estimée a été considérablement modifiée. (si (1) n'est pas affiché)</QuestionImageDescription>
			<SolutionImageFileName />
		</CauseContent>
		<CauseContent>
			<CauseType>2</CauseType>
			<Title>A-2: Maintenance de la fenêtre</Title>
			<IconTitle>Maintenance de la fenêtre</IconTitle>
			<QuestionImageFileName>002_questionImage.png</QuestionImageFileName>
			<QuestionText>Le graphique a-t-il la forme suivante au moment où l'erreur de marquage s'est produite (partie de l'affichage NG) ?</QuestionText>
			<QuestionImageDescription>(1) La valeur du résultat de la maintenance de la fenêtre avant (ou après) l'opération de marquage diminue.</QuestionImageDescription>
			<SolutionImageFileName />
		</CauseContent>
		<CauseContent>
			<CauseType>3</CauseType>
			<Title>A-3: Suivi Z
(aucun étalonnage)</Title>
			<IconTitle>Suivi Z
(aucun étalonnage)</IconTitle>
			<QuestionImageFileName>003_questionImage.png</QuestionImageFileName>
			<QuestionText>Le graphique a-t-il la forme suivante au moment où l'erreur de marquage s'est produite (partie de l'affichage NG) ?</QuestionText>
			<QuestionImageDescription>(1) La stabilité a considérablement diminué.
Ou
(2) Le montant de l'écart Z diminue considérablement.</QuestionImageDescription>
			<SolutionImageFileName />
		</CauseContent>
		<CauseContent>
			<CauseType>4</CauseType>
			<Title>A-3: Suivi Z
(avec étalonnage)</Title>
			<IconTitle>Suivi Z
(avec étalonnage)</IconTitle>
			<QuestionImageFileName>004_questionImage.png</QuestionImageFileName>
			<QuestionText>Le graphique a-t-il la forme suivante au moment où l'erreur de marquage s'est produite (partie de l'affichage NG) ?</QuestionText>
			<QuestionImageDescription>(1) La stabilité a considérablement diminué.</QuestionImageDescription>
			<SolutionImageFileName />
		</CauseContent>
		<CauseContent>
			<CauseType>5</CauseType>
			<Title>A-3: Suivi Z
(aucun réglage)</Title>
			<IconTitle>Suivi Z
(aucun réglage)</IconTitle>
			<QuestionImageFileName>005_questionImage.png</QuestionImageFileName>
			<QuestionText>Le graphique a-t-il la forme suivante au moment où l'erreur de marquage s'est produite (partie de l'affichage NG) ?</QuestionText>
			<QuestionImageDescription>(1) La stabilité a considérablement diminué.
Ou
(2) Le montant de l'écart Z diminue considérablement.</QuestionImageDescription>
			<SolutionImageFileName />
		</CauseContent>
		<CauseContent>
			<CauseType>6</CauseType>
			<Title>A-4: Suivi XY</Title>
			<IconTitle>Suivi XY</IconTitle>
			<QuestionImageFileName>006_questionImage.png</QuestionImageFileName>
			<QuestionText>Le graphique a-t-il la forme suivante au moment où l'erreur de marquage s'est produite (partie de l'affichage NG) ?</QuestionText>
			<QuestionImageDescription>(1) La valeur de corrélation a considérablement diminué.</QuestionImageDescription>
			<SolutionImageFileName />
		</CauseContent>
		<CauseContent>
			<CauseType>101</CauseType>
			<Title>B-2: Diminution de la puissance laser</Title>
			<IconTitle>Diminution de la puissance laser</IconTitle>
			<QuestionImageFileName>101_questionImage.png</QuestionImageFileName>
			<QuestionText>Le graphique ressemble-t-il à la vue suivante au moment où l'erreur de marquage s'est produite (partie de l'affichage NG) ?</QuestionText>
			<QuestionImageDescription>(1) “Historique erreurs/avertissements” affiché.</QuestionImageDescription>
			<SolutionImageFileName>101_Solution.fr.rtf</SolutionImageFileName>
		</CauseContent>
		<CauseContent>
			<CauseType>102</CauseType>
			<Title>B-3: Fenêtre encrassée</Title>
			<IconTitle>Fenêtre encrassée</IconTitle>
			<QuestionImageFileName>102_questionImage.png</QuestionImageFileName>
			<QuestionText>Le graphique ressemble-t-il à la vue suivante au moment où l'erreur de marquage s'est produite (partie de l'affichage NG) ?</QuestionText>
			<QuestionImageDescription>(1) “Historique erreurs/avertissements” affiché.</QuestionImageDescription>
			<SolutionImageFileName>102_Solution.fr.rtf</SolutionImageFileName>
		</CauseContent>
		<CauseContent>
			<CauseType>103</CauseType>
			<Title>B-5: Écart de la hauteur de travail
(aucun étalonnage)</Title>
			<IconTitle>Écart de la hauteur de travail
(aucun étalonnage)</IconTitle>
			<QuestionImageFileName>103_questionImage.png</QuestionImageFileName>
			<QuestionText>Le graphique ressemble-t-il à la vue suivante au moment où l'erreur de marquage s'est produite (partie de l'affichage NG) ?</QuestionText>
			<QuestionImageDescription>(1) “Historique erreurs/avertissements” affiché.</QuestionImageDescription>
			<SolutionImageFileName>103_104_105_Solution.fr.rtf</SolutionImageFileName>
		</CauseContent>
		<CauseContent>
			<CauseType>104</CauseType>
			<Title>B-5: Écart de la hauteur de travail
(avec étalonnage)</Title>
			<IconTitle>Écart de la hauteur de travail
(avec étalonnage)</IconTitle>
			<QuestionImageFileName>104_questionImage.png</QuestionImageFileName>
			<QuestionText>Le graphique ressemble-t-il à la vue suivante au moment où l'erreur de marquage s'est produite (partie de l'affichage NG) ?</QuestionText>
			<QuestionImageDescription>(1) “Historique erreurs/avertissements” affiché.</QuestionImageDescription>
			<SolutionImageFileName>103_104_105_Solution.fr.rtf</SolutionImageFileName>
		</CauseContent>
		<CauseContent>
			<CauseType>105</CauseType>
			<Title>B-5: Écart de la hauteur de travail
(aucun réglage)</Title>
			<IconTitle>Écart de la hauteur de travail
(aucun réglage)</IconTitle>
			<QuestionImageFileName>105_questionImage.png</QuestionImageFileName>
			<QuestionText>Le graphique ressemble-t-il à la vue suivante au moment où l'erreur de marquage s'est produite (partie de l'affichage NG) ?</QuestionText>
			<QuestionImageDescription>(1) “Historique erreurs/avertissements” affiché.</QuestionImageDescription>
			<SolutionImageFileName>103_104_105_Solution.fr.rtf</SolutionImageFileName>
		</CauseContent>
		<CauseContent>
			<CauseType>106</CauseType>
			<Title>B-7: Écart de la position de travail</Title>
			<IconTitle>Écart de la position de travail</IconTitle>
			<QuestionImageFileName>106_questionImage.png</QuestionImageFileName>
			<QuestionText>Le graphique ressemble-t-il à la vue suivante au moment où l'erreur de marquage s'est produite (partie de l'affichage NG) ?</QuestionText>
			<QuestionImageDescription>(1) “Historique erreurs/avertissements” affiché.</QuestionImageDescription>
			<SolutionImageFileName>106_Solution.fr.rtf</SolutionImageFileName>
		</CauseContent>
		<CauseContent>
			<CauseType>107</CauseType>
			<Title>B-11: Ignorer le déclenchement</Title>
			<IconTitle>Ignorer le déclenchement</IconTitle>
			<QuestionImageFileName>107_questionImage.png</QuestionImageFileName>
			<QuestionText>Le graphique ressemble-t-il à la vue suivante au moment où l'erreur de marquage s'est produite (partie de l'affichage NG) ?</QuestionText>
			<QuestionImageDescription>(1) “Historique erreurs/avertissements” affiché.</QuestionImageDescription>
			<SolutionImageFileName>107_Solution.fr.rtf</SolutionImageFileName>
		</CauseContent>
		<CauseContent>
			<CauseType>108</CauseType>
			<Title>B-10: Annuler le marquage</Title>
			<IconTitle>Annuler le marquage</IconTitle>
			<QuestionImageFileName>108_questionImage.png</QuestionImageFileName>
			<QuestionText>Le graphique ressemble-t-il à la vue suivante au moment où l'erreur de marquage s'est produite (partie de l'affichage NG) ?</QuestionText>
			<QuestionImageDescription>(1) “Annuler le marquage” affiché.</QuestionImageDescription>
			<SolutionImageFileName>108_Solution.fr.rtf</SolutionImageFileName>
		</CauseContent>
		<CauseContent>
			<CauseType>200</CauseType>
			<Title>B-9: Changement du n° de tâche</Title>
			<IconTitle>Changement du n° de tâche</IconTitle>
			<QuestionImageFileName>200_questionImage.png</QuestionImageFileName>
			<QuestionText>Le graphique ressemble-t-il à la vue suivante au moment où l'erreur de marquage s'est produite (partie de l'affichage NG) ?</QuestionText>
			<QuestionImageDescription>(1) “Changement du n° de tâche” affiché.</QuestionImageDescription>
			<SolutionImageFileName>200_Solution.fr.rtf</SolutionImageFileName>
		</CauseContent>
		<CauseContent>
			<CauseType>300</CauseType>
			<Title>B-1: Changer le réglage :
puissance laser</Title>
			<IconTitle>Changer le réglage :
puissance laser</IconTitle>
			<QuestionImageFileName>300_questionImage.png</QuestionImageFileName>
      <QuestionText>Vérifiez le contenu en cliquant sur l’icône dans le graphique au moment où l’erreur de marquage s'est produite (zone d’affichage NG). </QuestionText>
      <QuestionImageDescription>(1) Est-ce que « Événements de modification » est affiché, alors que ça n'était pas prévu ?
(2) Est-ce que « Historique des modifications » est affiché, alors que ça n'était pas prévu  ?
(3) Est-ce que « Paramètres de marquage des modifications » est affiché, alors que ça n'était pas prévu  ?</QuestionImageDescription>
			<SolutionImageFileName>301_Solution.fr.rtf</SolutionImageFileName>
		</CauseContent>
		<CauseContent>
			<CauseType>303</CauseType>
			<Title>B-4: Changer le réglage :
Suivi Z (aucun étalonnage)</Title>
			<IconTitle>Changer le réglage :
Suivi Z (aucun étalonnage)</IconTitle>
			<QuestionImageFileName>303_questionImage.png</QuestionImageFileName>
			<QuestionText>Le graphique ressemble-t-il à la vue suivante au moment où l'erreur de marquage s'est produite (partie de l'affichage NG) ?</QuestionText>
			<QuestionImageDescription>(1) “Changer les conditions du marquage” affiché.</QuestionImageDescription>
			<SolutionImageFileName>303_304_305_Solution.fr.rtf</SolutionImageFileName>
		</CauseContent>
		<CauseContent>
			<CauseType>304</CauseType>
			<Title>B-4: Changer le réglage :
Suivi Z (avec étalonnage)</Title>
			<IconTitle>Changer le réglage :
Suivi Z (aucun étalonnage)</IconTitle>
			<QuestionImageFileName>304_questionImage.png</QuestionImageFileName>
			<QuestionText>Le graphique ressemble-t-il à la vue suivante au moment où l'erreur de marquage s'est produite (partie de l'affichage NG) ?</QuestionText>
			<QuestionImageDescription>(1) “Changer les conditions du marquage” affiché.</QuestionImageDescription>
			<SolutionImageFileName>303_304_305_Solution.fr.rtf</SolutionImageFileName>
		</CauseContent>
		<CauseContent>
			<CauseType>305</CauseType>
			<Title>B-4: Changer le réglage :
Suivi Z (avec étalonnage)</Title>
			<IconTitle>Changer les contenus de réglage :
Suivi Z (aucun réglage)</IconTitle>
			<QuestionImageFileName>305_questionImage.png</QuestionImageFileName>
			<QuestionText>Le graphique ressemble-t-il à la vue suivante au moment où l'erreur de marquage s'est produite (partie de l'affichage NG) ?</QuestionText>
			<QuestionImageDescription>(1) “Changer les conditions du marquage” affiché.</QuestionImageDescription>
			<SolutionImageFileName>303_304_305_Solution.fr.rtf</SolutionImageFileName>
		</CauseContent>
		<CauseContent>
			<CauseType>306</CauseType>
			<Title>B-6: Changer le réglage :
Suivi XY</Title>
			<IconTitle>Changer le réglage :
Suivi XY</IconTitle>
			<QuestionImageFileName>306_questionImage.png</QuestionImageFileName>
			<QuestionText>Le graphique ressemble-t-il à la vue suivante au moment où l'erreur de marquage s'est produite (partie de l'affichage NG) ?</QuestionText>
			<QuestionImageDescription>(1) “Changer les conditions du marquage” affiché.</QuestionImageDescription>
			<SolutionImageFileName>306_Solution.fr.rtf</SolutionImageFileName>
		</CauseContent>
		<CauseContent>
			<CauseType>307</CauseType>
			<Title>B-8: Changer les contenus de réglage :
commun</Title>
			<IconTitle>Changer les contenus de réglage :
commun</IconTitle>
			<QuestionImageFileName>307_questionImage.png</QuestionImageFileName>
      <QuestionText>Vérifiez le contenu en cliquant sur l’icône dans le graphique au moment où l’erreur de marquage s'est produite (zone d’affichage NG). </QuestionText>
      <QuestionImageDescription>(1) Est-ce que « Événements de modification » est affiché, alors que ça n'était pas prévu ?
(2) Est-ce que « Historique des modifications » est affiché, alors que ça n'était pas prévu  ?
(3) Est-ce que « Paramètres de marquage des modifications » est affiché, alors que ça n'était pas prévu  ?</QuestionImageDescription>
			<SolutionImageFileName>307_Solution.fr.rtf</SolutionImageFileName>
		</CauseContent>
		<CauseContent>
			<CauseType>400</CauseType>
			<Title>B-12: Image caméra
(espace lors du marquage)</Title>
			<IconTitle>Image caméra
(espace lors du marquage)</IconTitle>
			<QuestionImageFileName>400_questionImage.png</QuestionImageFileName>
			<QuestionText>Double-cliquez sur l'image de l'erreur de marquage pour la vue zoom avant, et confirmez ce qui suit.</QuestionText>
			<QuestionImageDescription>(1) La cible a-t-elle été déviée avant/après l'opération de marquage ?</QuestionImageDescription>
			<SolutionImageFileName>400_Solution.fr.rtf</SolutionImageFileName>
		</CauseContent>
		<CauseContent>
			<CauseType>500</CauseType>
			<Title>B-13: Image caméra
(changement éclairage/caméra)</Title>
			<IconTitle>Image caméra
(changement éclairage/caméra)</IconTitle>
			<QuestionImageFileName>500_questionImage.png</QuestionImageFileName>
			<QuestionText>Double-cliquez sur l'image NG pour la vue zoom avant, et confirmez ce qui suit.</QuestionText>
			<QuestionImageDescription>(1) La luminosité change-t-elle par rapport à l'image OK ?</QuestionImageDescription>
			<SolutionImageFileName>500_Solution.fr.rtf</SolutionImageFileName>
		</CauseContent>
		<CauseContent>
			<CauseType>600</CauseType>
			<Title>B-14: Image caméra
(matériau étranger/obstruction)</Title>
			<IconTitle>Image caméra
(matériau étranger/obstruction)</IconTitle>
			<QuestionImageFileName>600_questionImage.png</QuestionImageFileName>
			<QuestionText>Double-cliquez sur l'image de l'erreur de marquage pour la vue zoom avant, et confirmez ce qui suit.</QuestionText>
			<QuestionImageDescription>(1) L'image avant/après l'opération de marquage contient-elle des matériaux étrangers ou des obstructions ?</QuestionImageDescription>
			<SolutionImageFileName>600_Solution.fr.rtf</SolutionImageFileName>
		</CauseContent>
		<CauseContent>
			<CauseType>9999</CauseType>
			<Title>Dépannage fréquent</Title>
			<IconTitle>Dépannage fréquent</IconTitle>
			<QuestionImageFileName />
			<QuestionText />
			<QuestionImageDescription />
			<SolutionImageFileName>9999_Solution.fr.rtf</SolutionImageFileName>
		</CauseContent>
	</ContentList>
</CauseContentRoot>