﻿<?xml version="1.0" encoding="utf-8" standalone="no"?>
<CauseContentRoot>
	<ContentList>
		<CauseContent>
			<CauseType>1</CauseType>
			<Title>A-1: Laserleistung</Title>
			<IconTitle>Laserleistung</IconTitle>
			<QuestionImageFileName>001_questionImage.png</QuestionImageFileName>
			<QuestionText>Entspricht das Diagramm zum Zeitpunkt des Beschriftungsfehlers diesem Schaubild?</QuestionText>
			<QuestionImageDescription>(1) Die tatsächliche Beschriftungsenergie hat sich stark geändert.
Oder
(2) Die geschätzte Beschriftungsenergie hat sich stark geändert. (falls (1) nicht zutrifft)</QuestionImageDescription>
			<SolutionImageFileName />
		</CauseContent>
		<CauseContent>
			<CauseType>2</CauseType>
			<Title>A-2: Fensterüberprüfung</Title>
			<IconTitle>Fensterüberprüfung</IconTitle>
			<QuestionImageFileName>002_questionImage.png</QuestionImageFileName>
			<QuestionText>Entspricht das Diagramm zum Zeitpunkt des Beschriftungsfehlers diesem Schaubild?</QuestionText>
			<QuestionImageDescription>(1) Der Wert der Fensterüberprüfung vor oder nach der Beschriftung nimmt ab.</QuestionImageDescription>
			<SolutionImageFileName />
		</CauseContent>
		<CauseContent>
			<CauseType>3</CauseType>
			<Title>A-3: Z-Erfassung
(ohne Justage)</Title>
			<IconTitle>Z-Erfassung
(ohne Justage)</IconTitle>
			<QuestionImageFileName>003_questionImage.png</QuestionImageFileName>
			<QuestionText>Entspricht das Diagramm zum Zeitpunkt des Beschriftungsfehlers diesem Schaubild?</QuestionText>
			<QuestionImageDescription>(1) Die Stabilität der Z-Erfassung nimmt stark ab.
Oder
(2) Die gemessene Distanz zum Werkstück weicht stark ab.</QuestionImageDescription>
			<SolutionImageFileName />
		</CauseContent>
		<CauseContent>
			<CauseType>4</CauseType>
			<Title>A-3: Z-Erfassung
(mit Justage)</Title>
			<IconTitle>Z-Erfassung
(mit Justage)</IconTitle>
			<QuestionImageFileName>004_questionImage.png</QuestionImageFileName>
			<QuestionText>Entspricht das Diagramm zum Zeitpunkt des Beschriftungsfehlers diesem Schaubild?</QuestionText>
			<QuestionImageDescription>(1) Die Stabilität der Z-Erfassung nimmt stark ab.</QuestionImageDescription>
			<SolutionImageFileName />
		</CauseContent>
		<CauseContent>
			<CauseType>5</CauseType>
			<Title>A-3: Z-Erfassung
(ohne Einstellungen)</Title>
			<IconTitle>Z-Erfassung
(ohne Einstellungen)</IconTitle>
			<QuestionImageFileName>005_questionImage.png</QuestionImageFileName>
			<QuestionText>Entspricht das Diagramm zum Zeitpunkt des Beschriftungsfehlers diesem Schaubild?</QuestionText>
			<QuestionImageDescription>(1) Die Stabilität der Z-Erfassung nimmt stark ab.
Oder
(2) Die gemessene Distanz zum Werkstück weicht stark ab.</QuestionImageDescription>
			<SolutionImageFileName />
		</CauseContent>
		<CauseContent>
			<CauseType>6</CauseType>
			<Title>A-4: XY-Erfassung</Title>
			<IconTitle>XY-Erfassung</IconTitle>
			<QuestionImageFileName>006_questionImage.png</QuestionImageFileName>
			<QuestionText>Entspricht das Diagramm zum Zeitpunkt des Beschriftungsfehlers diesem Schaubild?</QuestionText>
			<QuestionImageDescription>(1) Der Korrelationswert der XY-Erfassung nimmt stark ab.</QuestionImageDescription>
			<SolutionImageFileName />
		</CauseContent>
		<CauseContent>
			<CauseType>101</CauseType>
			<Title>B-2: Abnahme der Laserleistung</Title>
			<IconTitle>Abnahme der Laserleistung</IconTitle>
			<QuestionImageFileName>101_questionImage.png</QuestionImageFileName>
			<QuestionText>Entspricht das Diagramm zum Zeitpunkt des Beschriftungsfehlers diesem Schaubild?</QuestionText>
			<QuestionImageDescription>(1) „Fehler- und Warnmeldungsverlauf“ wird angezeigt.</QuestionImageDescription>
			<SolutionImageFileName>101_Solution.de.rtf</SolutionImageFileName>
		</CauseContent>
		<CauseContent>
			<CauseType>102</CauseType>
			<Title>B-3: Fenster verschmutzt</Title>
			<IconTitle>Fenster verschmutzt</IconTitle>
			<QuestionImageFileName>102_questionImage.png</QuestionImageFileName>
			<QuestionText>Entspricht das Diagramm zum Zeitpunkt des Beschriftungsfehlers diesem Schaubild?</QuestionText>
			<QuestionImageDescription>(1) „Fehler- und Warnmeldungsverlauf“ wird angezeigt.</QuestionImageDescription>
			<SolutionImageFileName>102_Solution.de.rtf</SolutionImageFileName>
		</CauseContent>
		<CauseContent>
			<CauseType>103</CauseType>
			<Title>B-5: Höhenabweichung des Werkstücks
(ohne Justage)</Title>
			<IconTitle>Höhenabweichung des Werkstücks
(ohne Justage)</IconTitle>
			<QuestionImageFileName>103_questionImage.png</QuestionImageFileName>
			<QuestionText>Entspricht das Diagramm zum Zeitpunkt des Beschriftungsfehlers diesem Schaubild?</QuestionText>
			<QuestionImageDescription>(1) „Fehler- und Warnmeldungsverlauf“ wird angezeigt.</QuestionImageDescription>
			<SolutionImageFileName>103_104_105_Solution.de.rtf</SolutionImageFileName>
		</CauseContent>
		<CauseContent>
			<CauseType>104</CauseType>
			<Title>B-5: Höhenabweichung des Werkstücks
(mit Justage)</Title>
			<IconTitle>Höhenabweichung des Werkstücks
(mit Justage)</IconTitle>
			<QuestionImageFileName>104_questionImage.png</QuestionImageFileName>
			<QuestionText>Entspricht das Diagramm zum Zeitpunkt des Beschriftungsfehlers diesem Schaubild?</QuestionText>
			<QuestionImageDescription>(1) „Fehler- und Warnmeldungsverlauf“ wird angezeigt.</QuestionImageDescription>
			<SolutionImageFileName>103_104_105_Solution.de.rtf</SolutionImageFileName>
		</CauseContent>
		<CauseContent>
			<CauseType>105</CauseType>
			<Title>B-5: Höhenabweichung des Werkstücks
(ohne Einstellungen)</Title>
			<IconTitle>Höhenabweichung des Werkstücks
(ohne Einstellungen)</IconTitle>
			<QuestionImageFileName>105_questionImage.png</QuestionImageFileName>
			<QuestionText>Entspricht das Diagramm zum Zeitpunkt des Beschriftungsfehlers diesem Schaubild?</QuestionText>
			<QuestionImageDescription>(1) „Fehler- und Warnmeldungsverlauf“ wird angezeigt.</QuestionImageDescription>
			<SolutionImageFileName>103_104_105_Solution.de.rtf</SolutionImageFileName>
		</CauseContent>
		<CauseContent>
			<CauseType>106</CauseType>
			<Title>B-7: Positionsabweichung des Werkstücks</Title>
			<IconTitle>Positionsabweichung des Werkstücks</IconTitle>
			<QuestionImageFileName>106_questionImage.png</QuestionImageFileName>
			<QuestionText>Entspricht das Diagramm zum Zeitpunkt des Beschriftungsfehlers diesem Schaubild?</QuestionText>
			<QuestionImageDescription>(1) „Fehler- und Warnmeldungsverlauf“ wird angezeigt.</QuestionImageDescription>
			<SolutionImageFileName>106_Solution.de.rtf</SolutionImageFileName>
		</CauseContent>
		<CauseContent>
			<CauseType>107</CauseType>
			<Title>B-11: Trigger ignorieren</Title>
			<IconTitle>Trigger ignorieren</IconTitle>
			<QuestionImageFileName>107_questionImage.png</QuestionImageFileName>
			<QuestionText>Entspricht das Diagramm zum Zeitpunkt des Beschriftungsfehlers diesem Schaubild?</QuestionText>
			<QuestionImageDescription>(1) „Fehler- und Warnmeldungsverlauf“ wird angezeigt.</QuestionImageDescription>
			<SolutionImageFileName>107_Solution.de.rtf</SolutionImageFileName>
		</CauseContent>
		<CauseContent>
			<CauseType>108</CauseType>
			<Title>B-10: Beschriftungsabbruch</Title>
			<IconTitle>Beschriftungsabbruch</IconTitle>
			<QuestionImageFileName>108_questionImage.png</QuestionImageFileName>
			<QuestionText>Entspricht das Diagramm zum Zeitpunkt des Beschriftungsfehlers diesem Schaubild?</QuestionText>
			<QuestionImageDescription>(1) „Beschriftungsabbruch“ wird angezeigt.</QuestionImageDescription>
			<SolutionImageFileName>108_Solution.de.rtf</SolutionImageFileName>
		</CauseContent>
		<CauseContent>
			<CauseType>200</CauseType>
			<Title>B-9: Ändern der Programmnummer</Title>
			<IconTitle>Ändern der Programmnummer</IconTitle>
			<QuestionImageFileName>200_questionImage.png</QuestionImageFileName>
			<QuestionText>Entspricht das Diagramm zum Zeitpunkt des Beschriftungsfehlers diesem Schaubild?</QuestionText>
			<QuestionImageDescription>(1) „Änderung der Programmnummer“ wird angezeigt.</QuestionImageDescription>
			<SolutionImageFileName>200_Solution.de.rtf</SolutionImageFileName>
		</CauseContent>
		<CauseContent>
			<CauseType>300</CauseType>
			<Title>B-1: Einstellungsinhalte ändern:
Laserleistung</Title>
			<IconTitle>Einstellungsinhalte ändern:
Laserleistung</IconTitle>
			<QuestionImageFileName>300_questionImage.png</QuestionImageFileName>
			<QuestionText>Überprüfen Sie den Inhalt durch Anklicken des Symbols in der Grafik zum Zeitpunkt des Auftretens des Beschriftungsfehlers (NG-Anzeigebereich). </QuestionText>
			<QuestionImageDescription>(1) Wird „Änderung“ angezeigt (was nicht beabsichtigt ist)?
(2) Wird „Änderungsverlauf“ angezeigt (was nicht beabsichtigt ist)?
(3) Wird „Markierungsparameter ändern“ angezeigt (was nicht beabsichtigt ist)?</QuestionImageDescription>
			<SolutionImageFileName>301_Solution.de.rtf</SolutionImageFileName>
		</CauseContent>
		<CauseContent>
			<CauseType>303</CauseType>
			<Title>B-4：Einstellungsinhalte ändern:
        Z-Erfassung (ohne Justage)</Title>
			<IconTitle>Einstellungsinhalte ändern:
Z-Erfassung (ohne Justage)</IconTitle>
			<QuestionImageFileName>303_questionImage.png</QuestionImageFileName>
			<QuestionText>Entspricht das Diagramm zum Zeitpunkt des Beschriftungsfehlers diesem Schaubild?</QuestionText>
			<QuestionImageDescription>(1) „Geänderte Beschriftungsbedingungen“ wird angezeigt.</QuestionImageDescription>
			<SolutionImageFileName>303_304_305_Solution.de.rtf</SolutionImageFileName>
		</CauseContent>
		<CauseContent>
			<CauseType>304</CauseType>
			<Title>B-4：Einstellungsinhalte ändern:
        Z-Erfassung (mit Einstellungen)</Title>
			<IconTitle>Einstellungsinhalte ändern:
Z-Erfassung (mit Justage)</IconTitle>
			<QuestionImageFileName>304_questionImage.png</QuestionImageFileName>
			<QuestionText>Entspricht das Diagramm zum Zeitpunkt des Beschriftungsfehlers diesem Schaubild?</QuestionText>
			<QuestionImageDescription>(1) „Geänderte Beschriftungsbedingungen“ wird angezeigt.</QuestionImageDescription>
			<SolutionImageFileName>303_304_305_Solution.de.rtf</SolutionImageFileName>
		</CauseContent>
		<CauseContent>
			<CauseType>305</CauseType>
			<Title>B-4：Einstellungsinhalte ändern:
        Z-Erfassung (ohne Einstellungen)</Title>
			<IconTitle>Einstellungsinhalte ändern:
Z-Erfassung (ohne Einstellungen)</IconTitle>
			<QuestionImageFileName>305_questionImage.png</QuestionImageFileName>
			<QuestionText>Entspricht das Diagramm zum Zeitpunkt des Beschriftungsfehlers diesem Schaubild?</QuestionText>
			<QuestionImageDescription>(1) „Geänderte Beschriftungsbedingungen“ wird angezeigt.</QuestionImageDescription>
			<SolutionImageFileName>303_304_305_Solution.de.rtf</SolutionImageFileName>
		</CauseContent>
		<CauseContent>
			<CauseType>306</CauseType>
			<Title>B-6: Einstellungsinhalte ändern:
XY-Erfassung</Title>
			<IconTitle>Einstellungsinhalte ändern:
XY-Erfassung</IconTitle>
			<QuestionImageFileName>306_questionImage.png</QuestionImageFileName>
			<QuestionText>Entspricht das Diagramm zum Zeitpunkt des Beschriftungsfehlers diesem Schaubild?</QuestionText>
			<QuestionImageDescription>(1) „Geänderte Beschriftungsbedingungen“ wird angezeigt.</QuestionImageDescription>
			<SolutionImageFileName>306_Solution.de.rtf</SolutionImageFileName>
		</CauseContent>
		<CauseContent>
			<CauseType>307</CauseType>
			<Title>B-8: Einstellungsinhalte ändern:
Allgemein</Title>
			<IconTitle>Einstellungsinhalte ändern:
Allgemein</IconTitle>
			<QuestionImageFileName>307_questionImage.png</QuestionImageFileName>
			<QuestionText>Überprüfen Sie den Inhalt durch Anklicken des Symbols in der Grafik zum Zeitpunkt des Auftretens des Beschriftungsfehlers (NG-Anzeigebereich). </QuestionText>
			<QuestionImageDescription>(1) Wird „Änderung“ angezeigt (was nicht beabsichtigt ist)?
(2) Wird „Änderungsverlauf“ angezeigt (was nicht beabsichtigt ist)?
(3) Wird „Markierungsparameter ändern“ angezeigt (was nicht beabsichtigt ist)?</QuestionImageDescription>
			<SolutionImageFileName>307_Solution.de.rtf</SolutionImageFileName>
		</CauseContent>
		<CauseContent>
			<CauseType>400</CauseType>
			<Title>B-12: Kamerabild
(Unvollständige Beschriftung)</Title>
			<IconTitle>Kamerabild
(Unvollständige Beschriftung)</IconTitle>
			<QuestionImageFileName>400_questionImage.png</QuestionImageFileName>
			<QuestionText>Doppelklicken Sie auf das Bild mit dem Beschriftungsfehler, um es zu vergrößern und prüfen Sie Folgendes.</QuestionText>
			<QuestionImageDescription>(1) Hat sich die Werkstückposition vor/nach der Beschriftung verändert?</QuestionImageDescription>
			<SolutionImageFileName>400_Solution.de.rtf</SolutionImageFileName>
		</CauseContent>
		<CauseContent>
			<CauseType>500</CauseType>
			<Title>B-13: Kamerabild
(Änderung der Beleuchtung/Kamera)</Title>
			<IconTitle>Kamerabild
(Änderung der Beleuchtung/Kamera)</IconTitle>
			<QuestionImageFileName>500_questionImage.png</QuestionImageFileName>
			<QuestionText>Doppelklicken Sie auf das Bild mit dem Beschriftungsfehler, um es zu vergrößern und prüfen Sie Folgendes.</QuestionText>
			<QuestionImageDescription>(1) Unterscheidet sich die Helligkeit von NG-Bild zu OK-Bild?</QuestionImageDescription>
			<SolutionImageFileName>500_Solution.de.rtf</SolutionImageFileName>
		</CauseContent>
		<CauseContent>
			<CauseType>600</CauseType>
			<Title>B-14: Kamerabild
(Fremdkörper/Hindernis)</Title>
			<IconTitle>Kamerabild
(Fremdkörper/Hindernis)</IconTitle>
			<QuestionImageFileName>600_questionImage.png</QuestionImageFileName>
			<QuestionText>Doppelklicken Sie auf das Bild mit dem Beschriftungsfehler, um es zu vergrößern und prüfen Sie Folgendes.</QuestionText>
			<QuestionImageDescription>(1) Sind auf dem Bild vor/nach der Beschriftung Fremdkörper oder Hindernisse zu sehen?</QuestionImageDescription>
			<SolutionImageFileName>600_Solution.de.rtf</SolutionImageFileName>
		</CauseContent>
		<CauseContent>
			<CauseType>9999</CauseType>
			<Title>Behebung häufiger Fehler</Title>
			<IconTitle>Behebung häufiger Fehler</IconTitle>
			<QuestionImageFileName />
			<QuestionText />
			<QuestionImageDescription />
			<SolutionImageFileName>9999_Solution.de.rtf</SolutionImageFileName>
		</CauseContent>
	</ContentList>
</CauseContentRoot>