﻿<?xml version="1.0" encoding="utf-8" standalone="no"?>
<CauseContentRoot>
	<ContentList>
		<CauseContent>
			<CauseType>1</CauseType>
			<Title>A-1：レーザーパワー</Title>
			<IconTitle>レーザーパワー</IconTitle>
			<QuestionImageFileName>001_questionImage.png</QuestionImageFileName>
			<QuestionText>印字不良が発生したタイミング（NG表示部）で、グラフが以下のような形状になっていますか？</QuestionText>
			<QuestionImageDescription>①マーキングエネルギーが大きく変動している
または
②概算エネルギーが大きく変動している（①が表示されていない場合）</QuestionImageDescription>
			<SolutionImageFileName />
		</CauseContent>
		<CauseContent>
			<CauseType>2</CauseType>
			<Title>A-2：ウィンドウ点検</Title>
			<IconTitle>ウィンドウ点検</IconTitle>
			<QuestionImageFileName>002_questionImage.png</QuestionImageFileName>
			<QuestionText>印字不良が発生したタイミング（NG表示部）で、グラフが以下のような形状になっていますか？</QuestionText>
			<QuestionImageDescription>①印字動作前（または後）ウィンドウ点検結果の数値が下がっている</QuestionImageDescription>
			<SolutionImageFileName />
		</CauseContent>
		<CauseContent>
			<CauseType>3</CauseType>
			<Title>A-3：Zトラッキング
(補正なし)</Title>
			<IconTitle>Zトラッキング
(補正なし)</IconTitle>
			<QuestionImageFileName>003_questionImage.png</QuestionImageFileName>
			<QuestionText>印字不良が発生したタイミング（NG表示部）で、グラフが以下のような形状になっていますか？</QuestionText>
			<QuestionImageDescription>①安定度が大きく下がっている
または
②Zズレ量が大きく変動している</QuestionImageDescription>
			<SolutionImageFileName />
		</CauseContent>
		<CauseContent>
			<CauseType>4</CauseType>
			<Title>A-3：Zトラッキング
(補正あり)</Title>
			<IconTitle>Zトラッキング
(補正あり)</IconTitle>
			<QuestionImageFileName>004_questionImage.png</QuestionImageFileName>
			<QuestionText>印字不良が発生したタイミング（NG表示部）で、グラフが以下のような形状になっていますか？</QuestionText>
			<QuestionImageDescription>①安定度が大きく下がっている</QuestionImageDescription>
			<SolutionImageFileName />
		</CauseContent>
		<CauseContent>
			<CauseType>5</CauseType>
			<Title>A-3：Zトラッキング
(設定なし)</Title>
			<IconTitle>Zトラッキング
(設定なし)</IconTitle>
			<QuestionImageFileName>005_questionImage.png</QuestionImageFileName>
			<QuestionText>印字不良が発生したタイミング（NG表示部）で、グラフが以下のような形状になっていますか？</QuestionText>
			<QuestionImageDescription>①安定度が大きく下がっている
または
②Zズレ量が大きく変動している</QuestionImageDescription>
			<SolutionImageFileName />
		</CauseContent>
		<CauseContent>
			<CauseType>6</CauseType>
			<Title>A-4：XYトラッキング</Title>
			<IconTitle>XYトラッキング</IconTitle>
			<QuestionImageFileName>006_questionImage.png</QuestionImageFileName>
			<QuestionText>印字不良が発生したタイミング（NG表示部）で、グラフが以下のような形状になっていますか？</QuestionText>
			<QuestionImageDescription>①相関値が大きく下がっている</QuestionImageDescription>
			<SolutionImageFileName />
		</CauseContent>
		<CauseContent>
			<CauseType>101</CauseType>
			<Title>B-2：レーザーパワーの低下</Title>
			<IconTitle>レーザーパワーの低下</IconTitle>
			<QuestionImageFileName>101_questionImage.png</QuestionImageFileName>
			<QuestionText>印字不良が発生したタイミング（NG表示部）で、グラフに以下のような表示がありますか？</QuestionText>
			<QuestionImageDescription>①「エラー/警告履歴」が表示されている</QuestionImageDescription>
			<SolutionImageFileName>101_Solution.ja.rtf</SolutionImageFileName>
		</CauseContent>
		<CauseContent>
			<CauseType>102</CauseType>
			<Title>B-3：ウィンドウの汚れ</Title>
			<IconTitle>ウィンドウの汚れ</IconTitle>
			<QuestionImageFileName>102_questionImage.png</QuestionImageFileName>
			<QuestionText>印字不良が発生したタイミング（NG表示部）で、グラフに以下のような表示がありますか？</QuestionText>
			<QuestionImageDescription>①「エラー/警告履歴」が表示されている</QuestionImageDescription>
			<SolutionImageFileName>102_Solution.ja.rtf</SolutionImageFileName>
		</CauseContent>
		<CauseContent>
			<CauseType>103</CauseType>
			<Title>B-5：ワークの高さずれ
(補正なし)</Title>
			<IconTitle>ワークの高さずれ
(補正なし)</IconTitle>
			<QuestionImageFileName>103_questionImage.png</QuestionImageFileName>
			<QuestionText>印字不良が発生したタイミング（NG表示部）で、グラフに以下のような表示がありますか？</QuestionText>
			<QuestionImageDescription>①「エラー/警告履歴」が表示されている</QuestionImageDescription>
			<SolutionImageFileName>103_104_105_Solution.ja.rtf</SolutionImageFileName>
		</CauseContent>
		<CauseContent>
			<CauseType>104</CauseType>
			<Title>B-5：ワークの高さずれ
(補正あり)</Title>
			<IconTitle>ワークの高さずれ
(補正あり)</IconTitle>
			<QuestionImageFileName>104_questionImage.png</QuestionImageFileName>
			<QuestionText>印字不良が発生したタイミング（NG表示部）で、グラフに以下のような表示がありますか？</QuestionText>
			<QuestionImageDescription>①「エラー/警告履歴」が表示されている</QuestionImageDescription>
			<SolutionImageFileName>103_104_105_Solution.ja.rtf</SolutionImageFileName>
		</CauseContent>
		<CauseContent>
			<CauseType>105</CauseType>
			<Title>B-5：ワークの高さずれ
(設定なし)</Title>
			<IconTitle>ワークの高さずれ
(設定なし)</IconTitle>
			<QuestionImageFileName>105_questionImage.png</QuestionImageFileName>
			<QuestionText>印字不良が発生したタイミング（NG表示部）で、グラフに以下のような表示がありますか？</QuestionText>
			<QuestionImageDescription>①「エラー/警告履歴」が表示されている</QuestionImageDescription>
			<SolutionImageFileName>103_104_105_Solution.ja.rtf</SolutionImageFileName>
		</CauseContent>
		<CauseContent>
			<CauseType>106</CauseType>
			<Title>B-7：ワークの位置ずれ</Title>
			<IconTitle>ワークの位置ずれ</IconTitle>
			<QuestionImageFileName>106_questionImage.png</QuestionImageFileName>
			<QuestionText>印字不良が発生したタイミング（NG表示部）で、グラフに以下のような表示がありますか？</QuestionText>
			<QuestionImageDescription>①「エラー/警告履歴」が表示されている</QuestionImageDescription>
			<SolutionImageFileName>106_Solution.ja.rtf</SolutionImageFileName>
		</CauseContent>
		<CauseContent>
			<CauseType>107</CauseType>
			<Title>B-11：トリガー無視</Title>
			<IconTitle>トリガー無視</IconTitle>
			<QuestionImageFileName>107_questionImage.png</QuestionImageFileName>
			<QuestionText>印字不良が発生したタイミング（NG表示部）で、グラフに以下のような表示がありますか？</QuestionText>
			<QuestionImageDescription>①「エラー/警告履歴」が表示されている</QuestionImageDescription>
			<SolutionImageFileName>107_Solution.ja.rtf</SolutionImageFileName>
		</CauseContent>
		<CauseContent>
			<CauseType>108</CauseType>
			<Title>B-10：印字中断</Title>
			<IconTitle>印字中断</IconTitle>
			<QuestionImageFileName>108_questionImage.png</QuestionImageFileName>
			<QuestionText>印字不良が発生したタイミング（NG表示部）で、グラフに以下のような表示がありますか？</QuestionText>
			<QuestionImageDescription>①「印字中断」が表示がされている</QuestionImageDescription>
			<SolutionImageFileName>108_Solution.ja.rtf</SolutionImageFileName>
		</CauseContent>
		<CauseContent>
			<CauseType>200</CauseType>
			<Title>B-9：ジョブNo.変更</Title>
			<IconTitle>ジョブNo.変更</IconTitle>
			<QuestionImageFileName>200_questionImage.png</QuestionImageFileName>
			<QuestionText>印字不良が発生したタイミング（NG表示部）で、グラフに以下のような表示がありますか？</QuestionText>
			<QuestionImageDescription>①「ジョブNo.変更」が表示されている</QuestionImageDescription>
			<SolutionImageFileName>200_Solution.ja.rtf</SolutionImageFileName>
		</CauseContent>
		<CauseContent>
			<CauseType>300</CauseType>
			<Title>B-1：設定内容変更：
レーザーパワー</Title>
			<IconTitle>設定内容変更：
レーザーパワー</IconTitle>
			<QuestionImageFileName>300_questionImage.png</QuestionImageFileName>
			<QuestionText>印字不良が発生したタイミング（NG表示部）のグラフ内のアイコンをクリックし内容を確認してください。</QuestionText>
			<QuestionImageDescription>①意図していない「変更イベント」が表示されていますか？
②意図していない「変更履歴」が表示されていますか？
③意図していない「印字条件変更」が表示されていますか？</QuestionImageDescription>
			<SolutionImageFileName>301_Solution.ja.rtf</SolutionImageFileName>
		</CauseContent>
		<CauseContent>
			<CauseType>303</CauseType>
			<Title>B-4：設定内容変更：
Zトラッキング(補正なし)</Title>
			<IconTitle>設定内容変更：
Zトラッキング(補正なし)</IconTitle>
			<QuestionImageFileName>303_questionImage.png</QuestionImageFileName>
			<QuestionText>印字不良が発生したタイミング（NG表示部）で、グラフに以下のような表示がありますか？</QuestionText>
			<QuestionImageDescription>①「印字条件変更」が表示されている</QuestionImageDescription>
			<SolutionImageFileName>303_304_305_Solution.ja.rtf</SolutionImageFileName>
		</CauseContent>
		<CauseContent>
			<CauseType>304</CauseType>
			<Title>B-4：設定内容変更：
Zトラッキング(補正あり)</Title>
			<IconTitle>設定内容変更：
Zトラッキング(補正あり)</IconTitle>
			<QuestionImageFileName>304_questionImage.png</QuestionImageFileName>
			<QuestionText>印字不良が発生したタイミング（NG表示部）で、グラフに以下のような表示がありますか？</QuestionText>
			<QuestionImageDescription>①「印字条件変更」が表示されている</QuestionImageDescription>
			<SolutionImageFileName>303_304_305_Solution.ja.rtf</SolutionImageFileName>
		</CauseContent>
		<CauseContent>
			<CauseType>305</CauseType>
			<Title>B-4：設定内容変更：
Zトラッキング(設定なし)</Title>
			<IconTitle>設定内容変更：
Zトラッキング(設定なし)</IconTitle>
			<QuestionImageFileName>305_questionImage.png</QuestionImageFileName>
			<QuestionText>印字不良が発生したタイミング（NG表示部）で、グラフに以下のような表示がありますか？</QuestionText>
			<QuestionImageDescription>①「印字条件変更」が表示されている</QuestionImageDescription>
			<SolutionImageFileName>303_304_305_Solution.ja.rtf</SolutionImageFileName>
		</CauseContent>
		<CauseContent>
			<CauseType>306</CauseType>
			<Title>B-6：設定内容変更：
XYトラッキング</Title>
			<IconTitle>設定内容変更：
XYトラッキング</IconTitle>
			<QuestionImageFileName>306_questionImage.png</QuestionImageFileName>
			<QuestionText>印字不良が発生したタイミング（NG表示部）で、グラフに以下のような表示がありますか？</QuestionText>
			<QuestionImageDescription>①「印字条件変更」が表示されている</QuestionImageDescription>
			<SolutionImageFileName>306_Solution.ja.rtf</SolutionImageFileName>
		</CauseContent>
		<CauseContent>
			<CauseType>307</CauseType>
			<Title>B-8：設定内容変更：
共通</Title>
			<IconTitle>設定内容変更：
共通</IconTitle>
			<QuestionImageFileName>307_questionImage.png</QuestionImageFileName>
			<QuestionText>印字不良が発生したタイミング（NG表示部）のグラフ内のアイコンをクリックし内容を確認してください。</QuestionText>
			<QuestionImageDescription>①意図していない「変更イベント」が表示されていますか？
②意図していない「変更履歴」が表示されていますか？
③意図していない「印字条件変更」が表示されていますか？</QuestionImageDescription>
			<SolutionImageFileName>307_Solution.ja.rtf</SolutionImageFileName>
		</CauseContent>
		<CauseContent>
			<CauseType>400</CauseType>
			<Title>B-12：カメラ画像
(印字中ズレ)</Title>
			<IconTitle>カメラ画像
(印字中ズレ)</IconTitle>
			<QuestionImageFileName>400_questionImage.png</QuestionImageFileName>
			<QuestionText>印字不良の画像をダブルクリックで拡大表示し、以下を確認してください。</QuestionText>
			<QuestionImageDescription>①印字動作前・後で、対象物がずれていますか？</QuestionImageDescription>
			<SolutionImageFileName>400_Solution.ja.rtf</SolutionImageFileName>
		</CauseContent>
		<CauseContent>
			<CauseType>500</CauseType>
			<Title>B-13：カメラ画像
(照明・カメラ変動)</Title>
			<IconTitle>カメラ画像
(照明・カメラ変動)</IconTitle>
			<QuestionImageFileName>500_questionImage.png</QuestionImageFileName>
			<QuestionText>NGの画像をダブルクリックで拡大表示し、以下を確認してください。</QuestionText>
			<QuestionImageDescription>①OK画像と比較して、明るさが変化していますか？</QuestionImageDescription>
			<SolutionImageFileName>500_Solution.ja.rtf</SolutionImageFileName>
		</CauseContent>
		<CauseContent>
			<CauseType>600</CauseType>
			<Title>B-14：カメラ画像
(異物・遮蔽物)</Title>
			<IconTitle>カメラ画像
(異物・遮蔽物)</IconTitle>
			<QuestionImageFileName>600_questionImage.png</QuestionImageFileName>
			<QuestionText>印字不良の画像をダブルクリックで拡大表示し、以下を確認してください。</QuestionText>
			<QuestionImageDescription>①印字動作前・後の画像に異物や遮蔽物が写っていますか？</QuestionImageDescription>
			<SolutionImageFileName>600_Solution.ja.rtf</SolutionImageFileName>
		</CauseContent>
		<CauseContent>
			<CauseType>9999</CauseType>
			<Title>よくある
トラブルシューティング</Title>
			<IconTitle>よくある
トラブルシューティング</IconTitle>
			<QuestionImageFileName />
			<QuestionText />
			<QuestionImageDescription />
			<SolutionImageFileName>9999_Solution.ja.rtf</SolutionImageFileName>
		</CauseContent>
	</ContentList>
</CauseContentRoot>