﻿<?xml version="1.0" encoding="utf-8" standalone="no"?>
<CauseContentRoot>
	<ContentList>
		<CauseContent>
			<CauseType>1</CauseType>
			<Title>A-1: กำลังเลเซอร์</Title>
			<IconTitle>กำลังเลเซอร์</IconTitle>
			<QuestionImageFileName>001_questionImage.png</QuestionImageFileName>
			<QuestionText>รูปทรงของกราฟเป็นดังนี้ขณะที่เกิดข้อผิดพลาดในการมาร์ก (การแสดงผล NG) หรือไม่?</QuestionText>
			<QuestionImageDescription>(1) พลังงานการมาร์กมีการเปลี่ยนแปลงอย่างมาก
หรือ
(2) พลังงานโดยประมาณมีการเปลี่ยนแปลงอย่างมาก (ถ้า (1) ไม่แสดงขึ้น)</QuestionImageDescription>
			<SolutionImageFileName />
		</CauseContent>
		<CauseContent>
			<CauseType>2</CauseType>
			<Title>A-2: การตรวจสภาพเลนส์</Title>
			<IconTitle>การตรวจสภาพเลนส์</IconTitle>
			<QuestionImageFileName>002_questionImage.png</QuestionImageFileName>
			<QuestionText>มีมุมมองดังกราฟต่อไปนี้ขณะทึ่เกิดข้อผิดพลาดในการมาร์ก (การแสดงผล NG) หรือไม่ ?</QuestionText>
			<QuestionImageDescription>(1) ค่าของผลการตรวจสภาพเลนส์ก่อน (หรือหลัง) กระบวนการมาร์กลดลง</QuestionImageDescription>
			<SolutionImageFileName />
		</CauseContent>
		<CauseContent>
			<CauseType>3</CauseType>
			<Title>A-3: การติดตาม Z
(ไม่มีการสอบเทียบ)</Title>
			<IconTitle>การติดตาม Z
(ไม่มีการสอบเทียบ)</IconTitle>
			<QuestionImageFileName>003_questionImage.png</QuestionImageFileName>
			<QuestionText>รูปทรงของกราฟเป็นดังนี้ขณะที่เกิดข้อผิดพลาดในการมาร์ก (การแสดงผล NG) หรือไม่?</QuestionText>
			<QuestionImageDescription>(1) เสถียรภาพลดลงอย่างมาก 
หรือ
(2) ปริมาณความคลาดเคลื่อน Z ลดลงอย่างมาก</QuestionImageDescription>
			<SolutionImageFileName />
		</CauseContent>
		<CauseContent>
			<CauseType>4</CauseType>
			<Title>A-3: การติดตาม Z
(มีการสอบเทียบ)</Title>
			<IconTitle>การติดตาม Z
(มีการสอบเทียบ)</IconTitle>
			<QuestionImageFileName>004_questionImage.png</QuestionImageFileName>
			<QuestionText>มีมุมมองดังกราฟต่อไปนี้ขณะทึ่เกิดข้อผิดพลาดในการมาร์ก (การแสดงผล NG) หรือไม่ ?</QuestionText>
			<QuestionImageDescription>(1) เสถียรภาพลดลงอย่างมาก </QuestionImageDescription>
			<SolutionImageFileName />
		</CauseContent>
		<CauseContent>
			<CauseType>5</CauseType>
			<Title>A-3: การติดตาม Z
(ไม่มีการตั้งค่า)</Title>
			<IconTitle>การติดตาม Z
(ไม่มีการตั้งค่า)</IconTitle>
			<QuestionImageFileName>005_questionImage.png</QuestionImageFileName>
			<QuestionText>มีมุมมองดังกราฟต่อไปนี้ขณะทึ่เกิดข้อผิดพลาดในการมาร์ก (การแสดงผล NG) หรือไม่ ?</QuestionText>
			<QuestionImageDescription>(1) เสถียรภาพลดลงอย่างมาก 
หรือ
(2) ปริมาณความคลาดเคลื่อน Z ลดลงอย่างมาก</QuestionImageDescription>
			<SolutionImageFileName />
		</CauseContent>
		<CauseContent>
			<CauseType>6</CauseType>
			<Title>A-4: การติดตาม XY</Title>
			<IconTitle>การติดตาม XY</IconTitle>
			<QuestionImageFileName>006_questionImage.png</QuestionImageFileName>
			<QuestionText>มีมุมมองดังกราฟต่อไปนี้ขณะทึ่เกิดข้อผิดพลาดในการมาร์ก (การแสดงผล NG) หรือไม่ ?</QuestionText>
			<QuestionImageDescription>(1) ค่าเทียบเคียง ลดลงอย่างมาก</QuestionImageDescription>
			<SolutionImageFileName />
		</CauseContent>
		<CauseContent>
			<CauseType>101</CauseType>
			<Title>B-2: กำลังเลเซอร์ลดลง</Title>
			<IconTitle>กำลังเลเซอร์ลดลง</IconTitle>
			<QuestionImageFileName>101_questionImage.png</QuestionImageFileName>
			<QuestionText>มีมุมมองดังกราฟต่อไปนี้ขณะทึ่เกิดข้อผิดพลาดในการมาร์ก (การแสดงผล NG) หรือไม่ ?</QuestionText>
			<QuestionImageDescription>(1) “ประวัติข้อผิดพลาด/การเตือน” แสดงขึ้น</QuestionImageDescription>
			<SolutionImageFileName>101_Solution.th.rtf</SolutionImageFileName>
		</CauseContent>
		<CauseContent>
			<CauseType>102</CauseType>
			<Title>B-3: สิ่งสกปรกบนเลนส์</Title>
			<IconTitle>สิ่งสกปรกบนเลนส์</IconTitle>
			<QuestionImageFileName>102_questionImage.png</QuestionImageFileName>
			<QuestionText>มีมุมมองดังกราฟต่อไปนี้ขณะทึ่เกิดข้อผิดพลาดในการมาร์ก (การแสดงผล NG) หรือไม่ ?</QuestionText>
			<QuestionImageDescription>(1) “ประวัติข้อผิดพลาด/การเตือน” แสดงขึ้น</QuestionImageDescription>
			<SolutionImageFileName>102_Solution.th.rtf</SolutionImageFileName>
		</CauseContent>
		<CauseContent>
			<CauseType>103</CauseType>
			<Title>B-5: ความสูงชิ้นงานคลาดเคลื่อน
(ไม่มีการสอบเทียบ)</Title>
			<IconTitle>ความสูงชิ้นงานคลาดเคลื่อน
(ไม่มีการสอบเทียบ)</IconTitle>
			<QuestionImageFileName>103_questionImage.png</QuestionImageFileName>
			<QuestionText>มีมุมมองดังกราฟต่อไปนี้ขณะทึ่เกิดข้อผิดพลาดในการมาร์ก (การแสดงผล NG) หรือไม่ ?</QuestionText>
			<QuestionImageDescription>(1) “ประวัติข้อผิดพลาด/การเตือน” แสดงขึ้น</QuestionImageDescription>
			<SolutionImageFileName>103_104_105_Solution.th.rtf</SolutionImageFileName>
		</CauseContent>
		<CauseContent>
			<CauseType>104</CauseType>
			<Title>B-5: ความสูงชิ้นงานคลาดเคลื่อน
(มีการสอบเทียบ)</Title>
			<IconTitle>ความสูงชิ้นงานคลาดเคลื่อน
(มีการสอบเทียบ)</IconTitle>
			<QuestionImageFileName>104_questionImage.png</QuestionImageFileName>
			<QuestionText>มีมุมมองดังกราฟต่อไปนี้ขณะทึ่เกิดข้อผิดพลาดในการมาร์ก (การแสดงผล NG) หรือไม่ ?</QuestionText>
			<QuestionImageDescription>(1) “ประวัติข้อผิดพลาด/การเตือน” แสดงขึ้น</QuestionImageDescription>
			<SolutionImageFileName>103_104_105_Solution.th.rtf</SolutionImageFileName>
		</CauseContent>
		<CauseContent>
			<CauseType>105</CauseType>
			<Title>B-5:  ความสูงชิ้นงานคลาดเคลื่อน
(ไม่มีการตั้งค่า)</Title>
			<IconTitle>ความสูงชิ้นงานคลาดเคลื่อน
(ไม่มีการตั้งค่า)</IconTitle>
			<QuestionImageFileName>105_questionImage.png</QuestionImageFileName>
			<QuestionText>มีมุมมองดังกราฟต่อไปนี้ขณะทึ่เกิดข้อผิดพลาดในการมาร์ก (การแสดงผล NG) หรือไม่ ?</QuestionText>
			<QuestionImageDescription>(1) “ประวัติข้อผิดพลาด/การเตือน” แสดงขึ้น</QuestionImageDescription>
			<SolutionImageFileName>103_104_105_Solution.th.rtf</SolutionImageFileName>
		</CauseContent>
		<CauseContent>
			<CauseType>106</CauseType>
			<Title>B-7: ความคลาดเคลื่อนของตำแหน่งชิ้นงาน</Title>
			<IconTitle>ความคลาดเคลื่อนของตำแหน่งชิ้นงาน</IconTitle>
			<QuestionImageFileName>106_questionImage.png</QuestionImageFileName>
			<QuestionText>มีมุมมองดังกราฟต่อไปนี้ขณะทึ่เกิดข้อผิดพลาดในการมาร์ก (การแสดงผล NG) หรือไม่ ?</QuestionText>
			<QuestionImageDescription>(1) “ประวัติข้อผิดพลาด/การเตือน” แสดงขึ้น</QuestionImageDescription>
			<SolutionImageFileName>106_Solution.th.rtf</SolutionImageFileName>
		</CauseContent>
		<CauseContent>
			<CauseType>107</CauseType>
			<Title>B-11: ละเว้นทริกเกอร์</Title>
			<IconTitle>ละเว้นทริกเกอร์</IconTitle>
			<QuestionImageFileName>107_questionImage.png</QuestionImageFileName>
			<QuestionText>มีมุมมองดังกราฟต่อไปนี้ขณะทึ่เกิดข้อผิดพลาดในการมาร์ก (การแสดงผล NG) หรือไม่ ?</QuestionText>
			<QuestionImageDescription>(1) “ประวัติข้อผิดพลาด/การเตือน” แสดงขึ้น</QuestionImageDescription>
			<SolutionImageFileName>107_Solution.th.rtf</SolutionImageFileName>
		</CauseContent>
		<CauseContent>
			<CauseType>108</CauseType>
			<Title>B-10: ยกเลิกการมาร์ก</Title>
			<IconTitle>ยกเลิกการมาร์ก</IconTitle>
			<QuestionImageFileName>108_questionImage.png</QuestionImageFileName>
			<QuestionText>มีมุมมองดังกราฟต่อไปนี้ขณะทึ่เกิดข้อผิดพลาดในการมาร์ก (การแสดงผล NG) หรือไม่ ?</QuestionText>
			<QuestionImageDescription>(1) “ยกเลิกการมาร์ก” แสดงขึ้น</QuestionImageDescription>
			<SolutionImageFileName>108_Solution.th.rtf</SolutionImageFileName>
		</CauseContent>
		<CauseContent>
			<CauseType>200</CauseType>
			<Title>B-9: การเปลี่ยนหมายเลขงาน</Title>
			<IconTitle>การเปลี่ยนหมายเลขงาน</IconTitle>
			<QuestionImageFileName>200_questionImage.png</QuestionImageFileName>
			<QuestionText>มีมุมมองดังกราฟต่อไปนี้ขณะทึ่เกิดข้อผิดพลาดในการมาร์ก (การแสดงผล NG) หรือไม่ ?</QuestionText>
			<QuestionImageDescription>(1) “เปลี่ยนหมายเลขงาน” แสดงขึ้น</QuestionImageDescription>
			<SolutionImageFileName>200_Solution.th.rtf</SolutionImageFileName>
		</CauseContent>
		<CauseContent>
			<CauseType>300</CauseType>
			<Title>B-1: เปลี่ยนแปลงเนื้อหาการตั้งค่า:
กำลังเลเซอร์</Title>
			<IconTitle>เปลี่ยนแปลงเนื้อหาการตั้งค่า:
กำลังเลเซอร์</IconTitle>
			<QuestionImageFileName>300_questionImage.png</QuestionImageFileName>
			<QuestionText>ตรวจสอบเนื้อหาโดยคลิกที่ไอคอนในกราฟ ณ เวลาที่เกิดข้อผิดพลาดในการมาร์ก (พื้นที่แสดงผล NG)</QuestionText>
			<QuestionImageDescription>(1) ข้อความ "Change events" (เปลี่ยนเหตุการณ์) แสดงขึ้นโดยไม่ได้คาดหมายหรือไม่
(2) ข้อความ "Change history" (เปลี่ยนประวัติ) แสดงขึ้นโดยไม่ได้คาดหมายหรือไม่
(3) ข้อความ "Change marking parameter" (เปลี่ยนพารามิเตอร์การมาร์ก) แสดงขึ้นโดยไม่ได้คาดหมายหรือไม่</QuestionImageDescription>
			<SolutionImageFileName>301_Solution.th.rtf</SolutionImageFileName>
		</CauseContent>
		<CauseContent>
			<CauseType>303</CauseType>
			<Title>B-4: เปลี่ยนแปลงเนื้อหาการตั้งค่า:
การติดตาม Z (ไม่มีการสอบเทียบ)</Title>
			<IconTitle>เปลี่ยนแปลงเนื้อหาการตั้งค่า:
การติดตาม Z (ไม่มีการสอบเทียบ)</IconTitle>
			<QuestionImageFileName>303_questionImage.png</QuestionImageFileName>
			<QuestionText>มีมุมมองดังกราฟต่อไปนี้ขณะทึ่เกิดข้อผิดพลาดในการมาร์ก (การแสดงผล NG) หรือไม่ ?</QuestionText>
			<QuestionImageDescription>(1) “เปลี่ยนเงื่อนไขการมาร์ก” แสดงขึ้น</QuestionImageDescription>
			<SolutionImageFileName>303_304_305_Solution.th.rtf</SolutionImageFileName>
		</CauseContent>
		<CauseContent>
			<CauseType>304</CauseType>
			<Title>B-4: เปลี่ยนแปลงเนื้อหาการตั้งค่า:
การติดตาม Z (มีการสอบเทียบ)</Title>
			<IconTitle>เปลี่ยนแปลงเนื้อหาการตั้งค่า:
การติดตาม Z (มีการสอบเทียบ)</IconTitle>
			<QuestionImageFileName>304_questionImage.png</QuestionImageFileName>
			<QuestionText>มีมุมมองดังกราฟต่อไปนี้ขณะทึ่เกิดข้อผิดพลาดในการมาร์ก (การแสดงผล NG) หรือไม่ ?</QuestionText>
			<QuestionImageDescription>(1) “เปลี่ยนเงื่อนไขการมาร์ก” แสดงขึ้น</QuestionImageDescription>
			<SolutionImageFileName>303_304_305_Solution.th.rtf</SolutionImageFileName>
		</CauseContent>
		<CauseContent>
			<CauseType>305</CauseType>
			<Title>B-4: เปลี่ยนแปลงเนื้อหาการตั้งค่า:
การติดตาม Z (ไม่มีการตั้งค่า)</Title>
			<IconTitle>เปลี่ยนแปลงเนื้อหาการตั้งค่า:
การติดตาม Z (ไม่มีการตั้งค่า)</IconTitle>
			<QuestionImageFileName>305_questionImage.png</QuestionImageFileName>
			<QuestionText>มีมุมมองดังกราฟต่อไปนี้ขณะทึ่เกิดข้อผิดพลาดในการมาร์ก (การแสดงผล NG) หรือไม่ ?</QuestionText>
			<QuestionImageDescription>(1) “เปลี่ยนเงื่อนไขการมาร์ก” แสดงขึ้น</QuestionImageDescription>
			<SolutionImageFileName>303_304_305_Solution.th.rtf</SolutionImageFileName>
		</CauseContent>
		<CauseContent>
			<CauseType>306</CauseType>
			<Title>B-6: เปลี่ยนแปลงเนื้อหาการตั้งค่า:
การติดตาม XY</Title>
			<IconTitle>เปลี่ยนแปลงเนื้อหาการตั้งค่า:
การติดตาม XY</IconTitle>
			<QuestionImageFileName>306_questionImage.png</QuestionImageFileName>
			<QuestionText>มีมุมมองดังกราฟต่อไปนี้ขณะทึ่เกิดข้อผิดพลาดในการมาร์ก (การแสดงผล NG) หรือไม่ ?</QuestionText>
			<QuestionImageDescription>(1) “เปลี่ยนเงื่อนไขการมาร์ก” แสดงขึ้น</QuestionImageDescription>
			<SolutionImageFileName>306_Solution.th.rtf</SolutionImageFileName>
		</CauseContent>
		<CauseContent>
			<CauseType>307</CauseType>
			<Title>B-8: เปลี่ยนแปลงเนื้อหาการตั้งค่า:
ร่วม</Title>
			<IconTitle>เปลี่ยนแปลงเนื้อหาการตั้งค่า:
ร่วม</IconTitle>
			<QuestionImageFileName>307_questionImage.png</QuestionImageFileName>
			<QuestionText>ตรวจสอบเนื้อหาโดยคลิกที่ไอคอนในกราฟ ณ เวลาที่เกิดข้อผิดพลาดในการมาร์ก (พื้นที่แสดงผล NG)</QuestionText>
			<QuestionImageDescription>(1) ข้อความ "Change events" (เปลี่ยนเหตุการณ์) แสดงขึ้นโดยไม่ได้คาดหมายหรือไม่
(2) ข้อความ "Change history" (เปลี่ยนประวัติ) แสดงขึ้นโดยไม่ได้คาดหมายหรือไม่
(3) ข้อความ "Change marking parameter" (เปลี่ยนพารามิเตอร์การมาร์ก) แสดงขึ้นโดยไม่ได้คาดหมายหรือไม่</QuestionImageDescription>
			<SolutionImageFileName>307_Solution.th.rtf</SolutionImageFileName>
		</CauseContent>
		<CauseContent>
			<CauseType>400</CauseType>
			<Title>B-12: ภาพจากกล้อง
(ช่องว่างในระหว่างการมาร์ก)</Title>
			<IconTitle>ภาพจากกล้อง
(ช่องว่างในระหว่างการมาร์ก)</IconTitle>
			<QuestionImageFileName>400_questionImage.png</QuestionImageFileName>
			<QuestionText>คลิกสองครั้งที่ภาพข้อผิดพลาดเพื่อซูมเข้า และยืนยันต่อไปนี้</QuestionText>
			<QuestionImageDescription>(1) เป้าหมายมีความคลาดเคลื่อนก่อน/หลังกระบวนการมาร์กหรือไม่?</QuestionImageDescription>
			<SolutionImageFileName>400_Solution.th.rtf</SolutionImageFileName>
		</CauseContent>
		<CauseContent>
			<CauseType>500</CauseType>
			<Title>B-13: ภาพจากกล้อง
(การเปลี่ยนแปลงของแสงสว่าง/กล้อง)</Title>
			<IconTitle>ภาพจากกล้อง
(การเปลี่ยนแปลงของแสงสว่าง/กล้อง)</IconTitle>
			<QuestionImageFileName>500_questionImage.png</QuestionImageFileName>
			<QuestionText>คลิกสองครั้งที่ภาพข้อผิดพลาดเพื่อซูมเข้า และยืนยันต่อไปนี้</QuestionText>
			<QuestionImageDescription>(1) ความสว่างเปลี่ยนไปเมื่อเทียบกับภาพ OK ใช่หรือไม่?</QuestionImageDescription>
			<SolutionImageFileName>500_Solution.th.rtf</SolutionImageFileName>
		</CauseContent>
		<CauseContent>
			<CauseType>600</CauseType>
			<Title>B-14: ภาพจากกล้อง
(วัสดุแปลกปลอม/สิ่งกีดขวาง)</Title>
			<IconTitle>ภาพจากกล้อง
(วัสดุแปลกปลอม/สิ่งกีดขวาง)</IconTitle>
			<QuestionImageFileName>600_questionImage.png</QuestionImageFileName>
			<QuestionText>คลิกสองครั้งที่ภาพข้อผิดพลาดเพื่อซูมเข้า และยืนยันต่อไปนี้</QuestionText>
			<QuestionImageDescription>(1) ภาพก่อน/หลังกระบวนการมาร์กมีวัสดุแปลกปลอมหรือสิ่งกีดขวางหรือไม่?</QuestionImageDescription>
			<SolutionImageFileName>600_Solution.th.rtf</SolutionImageFileName>
		</CauseContent>
		<CauseContent>
			<CauseType>9999</CauseType>
			<Title>การแก้ไขปัญหาที่พบบ่อย</Title>
			<IconTitle>การแก้ไขปัญหาที่พบบ่อย</IconTitle>
			<QuestionImageFileName />
			<QuestionText />
			<QuestionImageDescription />
			<SolutionImageFileName>9999_Solution.th.rtf</SolutionImageFileName>
		</CauseContent>
	</ContentList>
</CauseContentRoot>