﻿<?xml version="1.0" encoding="utf-8" standalone="no"?>
<CauseContentRoot>
	<ContentList>
		<CauseContent>
			<CauseType>1</CauseType>
			<Title>A-1: Laser Power</Title>
			<IconTitle>Laser Power</IconTitle>
			<QuestionImageFileName>001_questionImage.png</QuestionImageFileName>
			<QuestionText>Does one of the following instances appear on the graph below at the time NG occurred?</QuestionText>
			<QuestionImageDescription>(1) Marking energy has significantly changed.
Or
(2) Estimated energy has  significantly changed. (if (1) is not displayed)</QuestionImageDescription>
			<SolutionImageFileName />
		</CauseContent>
		<CauseContent>
			<CauseType>2</CauseType>
			<Title>A-2: Lens Inspection</Title>
			<IconTitle>Lens Inspection</IconTitle>
			<QuestionImageFileName>002_questionImage.png</QuestionImageFileName>
			<QuestionText>Does one of the following trends appear in the graph below at the time NG occurred?</QuestionText>
			<QuestionImageDescription>(1) The lens inspection result value before (or after) marking is decreasing.</QuestionImageDescription>
			<SolutionImageFileName />
		</CauseContent>
		<CauseContent>
			<CauseType>3</CauseType>
			<Title>A-3: Z Tracking
(without correction)</Title>
			<IconTitle>Z Tracking
(without correction)</IconTitle>
			<QuestionImageFileName>003_questionImage.png</QuestionImageFileName>
			<QuestionText>Does one of the following instances appear on the graph below at the time NG occurred?</QuestionText>
			<QuestionImageDescription>(1) The stability decreased significantly.
Or
(2) The Z deviation amount increased significantly.</QuestionImageDescription>
			<SolutionImageFileName />
		</CauseContent>
		<CauseContent>
			<CauseType>4</CauseType>
			<Title>A-3: Z Tracking
(with correction)</Title>
			<IconTitle>Z Tracking
(with correction)</IconTitle>
			<QuestionImageFileName>004_questionImage.png</QuestionImageFileName>
			<QuestionText>Does the following instance appear on the graph below at the time NG occurred?</QuestionText>
			<QuestionImageDescription>(1) The stability decreased significantly. </QuestionImageDescription>
			<SolutionImageFileName />
		</CauseContent>
		<CauseContent>
			<CauseType>5</CauseType>
			<Title>A-3: Z Tracking
(function not set or activated)</Title>
			<IconTitle>Z Tracking
(function not set or activated)</IconTitle>
			<QuestionImageFileName>005_questionImage.png</QuestionImageFileName>
			<QuestionText>Does one of the following instances appear on the graph below at the time NG occurred?</QuestionText>
			<QuestionImageDescription>(1) The stability decreased significantly.
Or
(2) The Z deviation amount increased significantly.</QuestionImageDescription>
			<SolutionImageFileName />
		</CauseContent>
		<CauseContent>
			<CauseType>6</CauseType>
			<Title>A-4: XY Tracking</Title>
			<IconTitle>XY Tracking</IconTitle>
			<QuestionImageFileName>006_questionImage.png</QuestionImageFileName>
			<QuestionText>Does one of the following instances appear on the graph below at the time NG occurred?</QuestionText>
			<QuestionImageDescription>(1) The correlating value decreased significantly.</QuestionImageDescription>
			<SolutionImageFileName />
		</CauseContent>
		<CauseContent>
			<CauseType>101</CauseType>
			<Title>B-2: Laser power decreasing</Title>
			<IconTitle>Laser power decreasing</IconTitle>
			<QuestionImageFileName>101_questionImage.png</QuestionImageFileName>
			<QuestionText>Does one of the following instances appear on the graph below at the time NG occurred?</QuestionText>
			<QuestionImageDescription>(1) Error/Warning instance</QuestionImageDescription>
			<SolutionImageFileName>101_Solution.en.rtf</SolutionImageFileName>
		</CauseContent>
		<CauseContent>
			<CauseType>102</CauseType>
			<Title>B-3: Dirty Lens</Title>
			<IconTitle>Dirty Lens</IconTitle>
			<QuestionImageFileName>102_questionImage.png</QuestionImageFileName>
			<QuestionText>Does one of the following instances appear on the graph below at the time NG occurred?</QuestionText>
			<QuestionImageDescription>(1) Error/Warning instance</QuestionImageDescription>
			<SolutionImageFileName>102_Solution.en.rtf</SolutionImageFileName>
		</CauseContent>
		<CauseContent>
			<CauseType>103</CauseType>
			<Title>B-5：Height deviation
        (without correction)</Title>
			<IconTitle>Height Deviation
(without correction)</IconTitle>
			<QuestionImageFileName>103_questionImage.png</QuestionImageFileName>
			<QuestionText>Does one of the following instances appear on the graph below at the time NG occurred?</QuestionText>
			<QuestionImageDescription>(1) Error/Warning instance</QuestionImageDescription>
			<SolutionImageFileName>103_104_105_Solution.en.rtf</SolutionImageFileName>
		</CauseContent>
		<CauseContent>
			<CauseType>104</CauseType>
			<Title>B-5: Height Deviation
(with correction)</Title>
			<IconTitle>Height Deviation
(with correction)</IconTitle>
			<QuestionImageFileName>104_questionImage.png</QuestionImageFileName>
			<QuestionText>Does one of the following instances appear on the graph below at the time NG occurred?</QuestionText>
			<QuestionImageDescription>(1) Error/Warning instance</QuestionImageDescription>
			<SolutionImageFileName>103_104_105_Solution.en.rtf</SolutionImageFileName>
		</CauseContent>
		<CauseContent>
			<CauseType>105</CauseType>
			<Title>B-5: Height Deviation
(function not set or activated)</Title>
			<IconTitle>Height Deviation
(function not  set or activated)</IconTitle>
			<QuestionImageFileName>105_questionImage.png</QuestionImageFileName>
			<QuestionText>Does one of the following instances appear on the graph below at the time NG occurred?</QuestionText>
			<QuestionImageDescription>(1) Error/Warning instance</QuestionImageDescription>
			<SolutionImageFileName>103_104_105_Solution.en.rtf</SolutionImageFileName>
		</CauseContent>
		<CauseContent>
			<CauseType>106</CauseType>
			<Title>B-7: Position Deviation</Title>
			<IconTitle>Position Deviation</IconTitle>
			<QuestionImageFileName>106_questionImage.png</QuestionImageFileName>
			<QuestionText>Does one of the following instances appear on the graph below at the time NG occurred?</QuestionText>
			<QuestionImageDescription>(1) Error/Warning instance</QuestionImageDescription>
			<SolutionImageFileName>106_Solution.en.rtf</SolutionImageFileName>
		</CauseContent>
		<CauseContent>
			<CauseType>107</CauseType>
			<Title>B-11: Trigger Ignored</Title>
			<IconTitle>Trigger Ignored</IconTitle>
			<QuestionImageFileName>107_questionImage.png</QuestionImageFileName>
			<QuestionText>Does one of the following instances appear on the graph below at the time NG occurred?</QuestionText>
			<QuestionImageDescription>(1) Error/Warning instance</QuestionImageDescription>
			<SolutionImageFileName>107_Solution.en.rtf</SolutionImageFileName>
		</CauseContent>
		<CauseContent>
			<CauseType>108</CauseType>
			<Title>B-10: Marking Stopped</Title>
			<IconTitle>Marking Stopped</IconTitle>
			<QuestionImageFileName>108_questionImage.png</QuestionImageFileName>
			<QuestionText>Does one of the following instances appear on the graph below at the time NG occurred?</QuestionText>
			<QuestionImageDescription>(1) Marking stopped</QuestionImageDescription>
			<SolutionImageFileName>108_Solution.en.rtf</SolutionImageFileName>
		</CauseContent>
		<CauseContent>
			<CauseType>200</CauseType>
			<Title>B-9: Job No. Change</Title>
			<IconTitle>Job No. Change</IconTitle>
			<QuestionImageFileName>200_questionImage.png</QuestionImageFileName>
			<QuestionText>Does one of the following instances appear on the graph below at the time NG occurred?</QuestionText>
			<QuestionImageDescription>(1) Job No. change</QuestionImageDescription>
			<SolutionImageFileName>200_Solution.en.rtf</SolutionImageFileName>
		</CauseContent>
		<CauseContent>
			<CauseType>300</CauseType>
			<Title>B-1: Setting Change:
Laser Power</Title>
			<IconTitle>Setting Change:
Laser Power</IconTitle>
			<QuestionImageFileName>300_questionImage.png</QuestionImageFileName>
			<QuestionText>Check the contents by clicking the icon in the graph at the time when the marking error occurred (NG display area). </QuestionText>
			<QuestionImageDescription>(1) Is "Change events" displayed, which was not intended?
(2) Is "Change history" displayed, which was not intended?
(3) Is "Change marking parameter" displayed, which was not intended?</QuestionImageDescription>
			<SolutionImageFileName>301_Solution.en.rtf</SolutionImageFileName>
		</CauseContent>
		<CauseContent>
			<CauseType>303</CauseType>
			<Title>B-4: Setting Change:
Z Tracking (without correction)</Title>
			<IconTitle>Setting Change:
Z Tracking (without correction)</IconTitle>
			<QuestionImageFileName>303_questionImage.png</QuestionImageFileName>
			<QuestionText>Does one of the following instances appear on the graph below at the time NG occurred?</QuestionText>
			<QuestionImageDescription>(1) Marking conditions change</QuestionImageDescription>
			<SolutionImageFileName>303_304_305_Solution.en.rtf</SolutionImageFileName>
		</CauseContent>
		<CauseContent>
			<CauseType>304</CauseType>
			<Title>B-4: Setting Change:
Z Tracking (with correction)</Title>
			<IconTitle>Setting Change:
Z Tracking (with correction)</IconTitle>
			<QuestionImageFileName>304_questionImage.png</QuestionImageFileName>
			<QuestionText>Does one of the following instances appear on the graph below at the time NG occurred?</QuestionText>
			<QuestionImageDescription>(1) Marking conditions change</QuestionImageDescription>
			<SolutionImageFileName>303_304_305_Solution.en.rtf</SolutionImageFileName>
		</CauseContent>
		<CauseContent>
			<CauseType>305</CauseType>
			<Title>B-4: Setting Change:
Z Tracking (function not set or activated)</Title>
			<IconTitle>Setting Change:
Z Tracking (function not set or activated)</IconTitle>
			<QuestionImageFileName>305_questionImage.png</QuestionImageFileName>
			<QuestionText>Does one of the following instances appear on the graph below at the time NG occurred?</QuestionText>
			<QuestionImageDescription>(1) Marking conditions change</QuestionImageDescription>
			<SolutionImageFileName>303_304_305_Solution.en.rtf</SolutionImageFileName>
		</CauseContent>
		<CauseContent>
			<CauseType>306</CauseType>
			<Title>B-6: Setting Change:
XY Tracking</Title>
			<IconTitle>Setting Change:
XY Tracking</IconTitle>
			<QuestionImageFileName>306_questionImage.png</QuestionImageFileName>
			<QuestionText>Does one of the following instances appear on the graph below at the time NG occurred?</QuestionText>
			<QuestionImageDescription>(1) Marking conditions change</QuestionImageDescription>
			<SolutionImageFileName>306_Solution.en.rtf</SolutionImageFileName>
		</CauseContent>
		<CauseContent>
			<CauseType>307</CauseType>
			<Title>B-8: Setting Change:
Other</Title>
			<IconTitle>Setting Change:
Other</IconTitle>
			<QuestionImageFileName>307_questionImage.png</QuestionImageFileName>
			<QuestionText>Check the contents by clicking the icon in the graph at the time when the marking error occurred (NG display area). </QuestionText>
			<QuestionImageDescription>(1) Is "Change events" displayed, which was not intended?
(2) Is "Change history" displayed, which was not intended?
(3) Is "Change marking parameter" displayed, which was not intended?</QuestionImageDescription>
			<SolutionImageFileName>307_Solution.en.rtf</SolutionImageFileName>
		</CauseContent>
		<CauseContent>
			<CauseType>400</CauseType>
			<Title>B-12: Camera Image
(mismarking due to position shift)</Title>
			<IconTitle>Camera Image
(mismarking due to position shift)</IconTitle>
			<QuestionImageFileName>400_questionImage.png</QuestionImageFileName>
			<QuestionText>Double-click the marking error image to enlarge the view, and confirm the following:</QuestionText>
			<QuestionImageDescription>(1) Has the target shifted before/after the marking operation?</QuestionImageDescription>
			<SolutionImageFileName>400_Solution.en.rtf</SolutionImageFileName>
		</CauseContent>
		<CauseContent>
			<CauseType>500</CauseType>
			<Title>B-13: Camera Image
(lighting/camera change)</Title>
			<IconTitle>Camera Image
(lighting/camera change)</IconTitle>
			<QuestionImageFileName>500_questionImage.png</QuestionImageFileName>
			<QuestionText>Double-click the NG image to enlarge the view, and confirm the following:</QuestionText>
			<QuestionImageDescription>(1) Is the brightness different compared to an OK image?</QuestionImageDescription>
			<SolutionImageFileName>500_Solution.en.rtf</SolutionImageFileName>
		</CauseContent>
		<CauseContent>
			<CauseType>600</CauseType>
			<Title>B-14: Camera Image
(foreign material/obstruction)</Title>
			<IconTitle>Camera Image
(foreign material/obstruction)</IconTitle>
			<QuestionImageFileName>600_questionImage.png</QuestionImageFileName>
			<QuestionText>Double-click the marking error image to enlarge the view, and confirm the following:</QuestionText>
			<QuestionImageDescription>(1) Does the image before/after marking operation contain any foreign material or obstruction?</QuestionImageDescription>
			<SolutionImageFileName>600_Solution.en.rtf</SolutionImageFileName>
		</CauseContent>
		<CauseContent>
			<CauseType>9999</CauseType>
			<Title>Additional Troubleshooting</Title>
			<IconTitle>Additional Troubleshooting</IconTitle>
			<QuestionImageFileName />
			<QuestionText />
			<QuestionImageDescription />
			<SolutionImageFileName>9999_Solution.en.rtf</SolutionImageFileName>
		</CauseContent>
	</ContentList>
</CauseContentRoot>